<?xml version='1.0' encoding='utf-8'?>
<COLLADA xmlns="http://www.collada.org/2005/11/COLLADASchema" version="1.4.1">
  <asset>
    <contributor>
      <author>Blender User</author>
      <authoring_tool>Blender 4.2.18 LTS commit date:2026-02-16, commit time:13:37, hash:d71e3422e438</authoring_tool>
    </contributor>
    <created>2026-03-16T18:05:18</created>
    <modified>2026-03-16T18:05:18</modified>
    <unit name="meter" meter="1" />
    <up_axis>Z_UP</up_axis>
  </asset>
  <library_effects>
    <effect id="camera_bracket_material-effect">
      <profile_COMMON>
        <technique sid="common">
          <phong>
            <emission>
              <color sid="emission">0 0 0 1</color>
            </emission>
            <diffuse>
              <color sid="diffuse">0.025 0.025 0.025 1</color>
            </diffuse>
            <specular>
              <color sid="specular">0.6 0.6 0.6 1</color>
            </specular>
            <shininess>
              <float sid="shininess">50</float>
            </shininess>
            <index_of_refraction>
              <float sid="ior">1.5</float>
            </index_of_refraction>
          </phong>
        </technique>
      </profile_COMMON>
    </effect>
    </library_effects>
  <library_images>
    </library_images>
  <library_materials>
    <material id="camera_bracket_material-material" name="camera_bracket_material">
      <instance_effect url="#camera_bracket_material-effect" />
    </material>
    </library_materials>
  <library_geometries>
    <geometry id="upper-body__1__023-mesh" name="upper-body (1).023">
      <mesh>
        <source id="upper-body__1__023-mesh-positions">
          <float_array id="upper-body__1__023-mesh-positions-array" count="24">-0.007973611 0.04252618 0.0412743 -0.007973611 0.04352617 0.0412743 -0.007973611 0.04252618 0.01127433 -0.0064736 0.04252618 0.0412743 -0.0064736 0.04252618 0.01127433 -0.0064736 0.04352617 0.0412743 -0.0064736 0.04352617 0.01127433 -0.007973611 0.04352617 0.01127433</float_array>
          <technique_common>
            <accessor source="#upper-body__1__023-mesh-positions-array" count="8" stride="3">
              <param name="X" type="float" />
              <param name="Y" type="float" />
              <param name="Z" type="float" />
            </accessor>
          </technique_common>
        </source>
        <source id="upper-body__1__023-mesh-normals">
          <float_array id="upper-body__1__023-mesh-normals-array" count="24">0.5773444 0.5773541 0.5773524 -0.5773444 -0.5773541 0.5773524 0.5773559 -0.5773475 0.5773475 -0.5773559 0.5773475 0.5773475 -0.5773559 -0.5773475 -0.5773475 0.5773444 -0.5773541 -0.5773524 0.5773559 0.5773475 -0.5773475 -0.5773444 0.5773541 -0.5773524</float_array>
          <technique_common>
            <accessor source="#upper-body__1__023-mesh-normals-array" count="8" stride="3">
              <param name="X" type="float" />
              <param name="Y" type="float" />
              <param name="Z" type="float" />
            </accessor>
          </technique_common>
        </source>
        <source id="upper-body__1__023-mesh-map-0">
          <float_array id="upper-body__1__023-mesh-map-0-array" count="72">0 0 0 0 0 0 0 0 0 0 0 0 0 0 0 0 0 0 0 0 0 0 0 0 0 0 0 0 0 0 0 0 0 0 0 0 0 0 0 0 0 0 0 0 0 0 0 0 0 0 0 0 0 0 0 0 0 0 0 0 0 0 0 0 0 0 0 0 0 0 0 0</float_array>
          <technique_common>
            <accessor source="#upper-body__1__023-mesh-map-0-array" count="36" stride="2">
              <param name="S" type="float" />
              <param name="T" type="float" />
            </accessor>
          </technique_common>
        </source>
        <vertices id="upper-body__1__023-mesh-vertices">
          <input semantic="POSITION" source="#upper-body__1__023-mesh-positions" />
        </vertices>
        <triangles material="camera_bracket_material-material" count="12">
          <input semantic="VERTEX" source="#upper-body__1__023-mesh-vertices" offset="0" />
          <input semantic="NORMAL" source="#upper-body__1__023-mesh-normals" offset="1" />
          <input semantic="TEXCOORD" source="#upper-body__1__023-mesh-map-0" offset="2" set="0" />
          <p>5 0 0 0 1 1 3 2 2 1 3 3 2 4 4 0 1 5 4 5 6 0 1 7 2 4 8 6 6 9 3 2 10 4 5 11 7 7 12 5 0 13 6 6 14 4 5 15 7 7 16 6 6 17 5 0 18 1 3 19 0 1 20 1 3 21 7 7 22 2 4 23 4 5 24 3 2 25 0 1 26 6 6 27 5 0 28 3 2 29 7 7 30 1 3 31 5 0 32 4 5 33 2 4 34 7 7 35</p>
        </triangles>
      </mesh>
    </geometry>
    <geometry id="upper-body__1__022-mesh" name="upper-body (1).022">
      <mesh>
        <source id="upper-body__1__022-mesh-positions">
          <float_array id="upper-body__1__022-mesh-positions-array" count="24">-0.01397359 0.04252618 0.0412743 -0.01397359 0.04352617 0.0412743 -0.01397359 0.04252618 0.01127433 -0.01247364 0.04252618 0.0412743 -0.01247364 0.04252618 0.01127433 -0.01247364 0.04352617 0.0412743 -0.01247364 0.04352617 0.01127433 -0.01397359 0.04352617 0.01127433</float_array>
          <technique_common>
            <accessor source="#upper-body__1__022-mesh-positions-array" count="8" stride="3">
              <param name="X" type="float" />
              <param name="Y" type="float" />
              <param name="Z" type="float" />
            </accessor>
          </technique_common>
        </source>
        <source id="upper-body__1__022-mesh-normals">
          <float_array id="upper-body__1__022-mesh-normals-array" count="24">0.5773444 0.5773541 0.5773524 -0.5773444 -0.5773541 0.5773524 0.5773559 -0.5773475 0.5773475 -0.5773559 0.5773475 0.5773475 -0.5773547 -0.5773433 -0.577353 0.5773457 -0.5773584 -0.5773469 0.5773531 0.577345 -0.5773529 -0.5773471 0.5773568 -0.577347</float_array>
          <technique_common>
            <accessor source="#upper-body__1__022-mesh-normals-array" count="8" stride="3">
              <param name="X" type="float" />
              <param name="Y" type="float" />
              <param name="Z" type="float" />
            </accessor>
          </technique_common>
        </source>
        <source id="upper-body__1__022-mesh-map-0">
          <float_array id="upper-body__1__022-mesh-map-0-array" count="72">0 0 0 0 0 0 0 0 0 0 0 0 0 0 0 0 0 0 0 0 0 0 0 0 0 0 0 0 0 0 0 0 0 0 0 0 0 0 0 0 0 0 0 0 0 0 0 0 0 0 0 0 0 0 0 0 0 0 0 0 0 0 0 0 0 0 0 0 0 0 0 0</float_array>
          <technique_common>
            <accessor source="#upper-body__1__022-mesh-map-0-array" count="36" stride="2">
              <param name="S" type="float" />
              <param name="T" type="float" />
            </accessor>
          </technique_common>
        </source>
        <vertices id="upper-body__1__022-mesh-vertices">
          <input semantic="POSITION" source="#upper-body__1__022-mesh-positions" />
        </vertices>
        <triangles material="camera_bracket_material-material" count="12">
          <input semantic="VERTEX" source="#upper-body__1__022-mesh-vertices" offset="0" />
          <input semantic="NORMAL" source="#upper-body__1__022-mesh-normals" offset="1" />
          <input semantic="TEXCOORD" source="#upper-body__1__022-mesh-map-0" offset="2" set="0" />
          <p>5 0 0 0 1 1 3 2 2 1 3 3 2 4 4 0 1 5 4 5 6 0 1 7 2 4 8 6 6 9 3 2 10 4 5 11 7 7 12 5 0 13 6 6 14 6 6 15 2 4 16 7 7 17 5 0 18 1 3 19 0 1 20 1 3 21 7 7 22 2 4 23 4 5 24 3 2 25 0 1 26 6 6 27 5 0 28 3 2 29 7 7 30 1 3 31 5 0 32 6 6 33 4 5 34 2 4 35</p>
        </triangles>
      </mesh>
    </geometry>
    <geometry id="upper-body__1__021-mesh" name="upper-body (1).021">
      <mesh>
        <source id="upper-body__1__021-mesh-positions">
          <float_array id="upper-body__1__021-mesh-positions-array" count="24">-0.02147364 0.04252618 0.01127433 -0.02147364 0.04352617 0.01127433 -0.02147364 0.04252618 0.0412743 -0.02297359 0.04252618 0.01127433 -0.02297359 0.04352617 0.01127433 -0.02297359 0.04252618 0.0412743 -0.02297359 0.04352617 0.0412743 -0.02147364 0.04352617 0.0412743</float_array>
          <technique_common>
            <accessor source="#upper-body__1__021-mesh-positions-array" count="8" stride="3">
              <param name="X" type="float" />
              <param name="Y" type="float" />
              <param name="Z" type="float" />
            </accessor>
          </technique_common>
        </source>
        <source id="upper-body__1__021-mesh-normals">
          <float_array id="upper-body__1__021-mesh-normals-array" count="24">-0.5773444 0.5773541 -0.5773524 0.5773445 -0.577354 -0.5773523 -0.5773559 -0.5773475 -0.5773475 0.5773559 0.5773475 -0.5773475 0.5773559 -0.5773476 0.5773474 -0.5773444 -0.5773542 0.5773523 -0.5773559 0.5773475 0.5773475 0.5773444 0.5773541 0.5773524</float_array>
          <technique_common>
            <accessor source="#upper-body__1__021-mesh-normals-array" count="8" stride="3">
              <param name="X" type="float" />
              <param name="Y" type="float" />
              <param name="Z" type="float" />
            </accessor>
          </technique_common>
        </source>
        <source id="upper-body__1__021-mesh-map-0">
          <float_array id="upper-body__1__021-mesh-map-0-array" count="72">0 0 0 0 0 0 0 0 0 0 0 0 0 0 0 0 0 0 0 0 0 0 0 0 0 0 0 0 0 0 0 0 0 0 0 0 0 0 0 0 0 0 0 0 0 0 0 0 0 0 0 0 0 0 0 0 0 0 0 0 0 0 0 0 0 0 0 0 0 0 0 0</float_array>
          <technique_common>
            <accessor source="#upper-body__1__021-mesh-map-0-array" count="36" stride="2">
              <param name="S" type="float" />
              <param name="T" type="float" />
            </accessor>
          </technique_common>
        </source>
        <vertices id="upper-body__1__021-mesh-vertices">
          <input semantic="POSITION" source="#upper-body__1__021-mesh-positions" />
        </vertices>
        <triangles material="camera_bracket_material-material" count="12">
          <input semantic="VERTEX" source="#upper-body__1__021-mesh-vertices" offset="0" />
          <input semantic="NORMAL" source="#upper-body__1__021-mesh-normals" offset="1" />
          <input semantic="TEXCOORD" source="#upper-body__1__021-mesh-map-0" offset="2" set="0" />
          <p>4 0 0 0 1 1 3 2 2 1 3 3 2 4 4 0 1 5 5 5 6 0 1 7 2 4 8 6 6 9 3 2 10 5 5 11 7 7 12 5 5 13 2 4 14 4 0 15 7 7 16 1 3 17 4 0 18 1 3 19 0 1 20 1 3 21 7 7 22 2 4 23 5 5 24 3 2 25 0 1 26 6 6 27 4 0 28 3 2 29 7 7 30 6 6 31 5 5 32 4 0 33 6 6 34 7 7 35</p>
        </triangles>
      </mesh>
    </geometry>
    <geometry id="upper-body__1__020-mesh" name="upper-body (1).020">
      <mesh>
        <source id="upper-body__1__020-mesh-positions">
          <float_array id="upper-body__1__020-mesh-positions-array" count="24">-0.00497359 0.04252618 0.0412743 -0.00497359 0.04352617 0.0412743 -0.00497359 0.04252618 0.01127433 -0.003473639 0.04252618 0.0412743 -0.003473639 0.04252618 0.01127433 -0.003473639 0.04352617 0.0412743 -0.003473639 0.04352617 0.01127433 -0.00497359 0.04352617 0.01127433</float_array>
          <technique_common>
            <accessor source="#upper-body__1__020-mesh-positions-array" count="8" stride="3">
              <param name="X" type="float" />
              <param name="Y" type="float" />
              <param name="Z" type="float" />
            </accessor>
          </technique_common>
        </source>
        <source id="upper-body__1__020-mesh-normals">
          <float_array id="upper-body__1__020-mesh-normals-array" count="24">-0.5773559 0.5773475 0.5773475 -0.5773559 -0.5773475 -0.5773475 -0.5773444 -0.577354 0.5773524 0.5773445 0.577354 0.5773524 0.5773559 -0.5773475 0.5773475 0.5773445 -0.577354 -0.5773524 0.5773559 0.5773475 -0.5773475 -0.5773444 0.577354 -0.5773524</float_array>
          <technique_common>
            <accessor source="#upper-body__1__020-mesh-normals-array" count="8" stride="3">
              <param name="X" type="float" />
              <param name="Y" type="float" />
              <param name="Z" type="float" />
            </accessor>
          </technique_common>
        </source>
        <source id="upper-body__1__020-mesh-map-0">
          <float_array id="upper-body__1__020-mesh-map-0-array" count="72">0 0 0 0 0 0 0 0 0 0 0 0 0 0 0 0 0 0 0 0 0 0 0 0 0 0 0 0 0 0 0 0 0 0 0 0 0 0 0 0 0 0 0 0 0 0 0 0 0 0 0 0 0 0 0 0 0 0 0 0 0 0 0 0 0 0 0 0 0 0 0 0</float_array>
          <technique_common>
            <accessor source="#upper-body__1__020-mesh-map-0-array" count="36" stride="2">
              <param name="S" type="float" />
              <param name="T" type="float" />
            </accessor>
          </technique_common>
        </source>
        <vertices id="upper-body__1__020-mesh-vertices">
          <input semantic="POSITION" source="#upper-body__1__020-mesh-positions" />
        </vertices>
        <triangles material="camera_bracket_material-material" count="12">
          <input semantic="VERTEX" source="#upper-body__1__020-mesh-vertices" offset="0" />
          <input semantic="NORMAL" source="#upper-body__1__020-mesh-normals" offset="1" />
          <input semantic="TEXCOORD" source="#upper-body__1__020-mesh-map-0" offset="2" set="0" />
          <p>1 0 0 2 1 1 0 2 2 5 3 3 0 2 4 3 4 5 4 5 6 0 2 7 2 1 8 6 6 9 3 4 10 4 5 11 7 7 12 5 3 13 6 6 14 7 7 15 4 5 16 2 1 17 1 0 18 7 7 19 2 1 20 5 3 21 1 0 22 0 2 23 4 5 24 3 4 25 0 2 26 6 6 27 5 3 28 3 4 29 7 7 30 1 0 31 5 3 32 7 7 33 6 6 34 4 5 35</p>
        </triangles>
      </mesh>
    </geometry>
    <geometry id="upper-body__1__019-mesh" name="upper-body (1).019">
      <mesh>
        <source id="upper-body__1__019-mesh-positions">
          <float_array id="upper-body__1__019-mesh-positions-array" count="24">-0.0409736 0.04252618 0.0412743 -0.0409736 0.04352617 0.0412743 -0.0409736 0.04252618 0.01127433 -0.03947359 0.04252618 0.0412743 -0.03947359 0.04252618 0.01127433 -0.03947359 0.04352617 0.0412743 -0.03947359 0.04352617 0.01127433 -0.0409736 0.04352617 0.01127433</float_array>
          <technique_common>
            <accessor source="#upper-body__1__019-mesh-positions-array" count="8" stride="3">
              <param name="X" type="float" />
              <param name="Y" type="float" />
              <param name="Z" type="float" />
            </accessor>
          </technique_common>
        </source>
        <source id="upper-body__1__019-mesh-normals">
          <float_array id="upper-body__1__019-mesh-normals-array" count="24">-0.5773538 0.5773442 0.577353 -0.5773558 -0.577348 -0.5773471 -0.5773465 -0.5773577 0.5773468 0.5773543 -0.5773441 0.5773525 0.5773452 -0.5773532 -0.5773524 0.5773556 0.5773481 -0.5773472 -0.5773452 0.5773532 -0.5773524 0.5773469 0.5773572 0.5773467</float_array>
          <technique_common>
            <accessor source="#upper-body__1__019-mesh-normals-array" count="8" stride="3">
              <param name="X" type="float" />
              <param name="Y" type="float" />
              <param name="Z" type="float" />
            </accessor>
          </technique_common>
        </source>
        <source id="upper-body__1__019-mesh-map-0">
          <float_array id="upper-body__1__019-mesh-map-0-array" count="72">0 0 0 0 0 0 0 0 0 0 0 0 0 0 0 0 0 0 0 0 0 0 0 0 0 0 0 0 0 0 0 0 0 0 0 0 0 0 0 0 0 0 0 0 0 0 0 0 0 0 0 0 0 0 0 0 0 0 0 0 0 0 0 0 0 0 0 0 0 0 0 0</float_array>
          <technique_common>
            <accessor source="#upper-body__1__019-mesh-map-0-array" count="36" stride="2">
              <param name="S" type="float" />
              <param name="T" type="float" />
            </accessor>
          </technique_common>
        </source>
        <vertices id="upper-body__1__019-mesh-vertices">
          <input semantic="POSITION" source="#upper-body__1__019-mesh-positions" />
        </vertices>
        <triangles material="camera_bracket_material-material" count="12">
          <input semantic="VERTEX" source="#upper-body__1__019-mesh-vertices" offset="0" />
          <input semantic="NORMAL" source="#upper-body__1__019-mesh-normals" offset="1" />
          <input semantic="TEXCOORD" source="#upper-body__1__019-mesh-map-0" offset="2" set="0" />
          <p>1 0 0 2 1 1 0 2 2 3 3 3 1 0 4 0 2 5 4 4 6 0 2 7 2 1 8 6 5 9 3 3 10 4 4 11 7 6 12 5 7 13 6 5 14 4 4 15 7 6 16 6 5 17 1 0 18 7 6 19 2 1 20 3 3 21 5 7 22 1 0 23 4 4 24 3 3 25 0 2 26 6 5 27 5 7 28 3 3 29 7 6 30 1 0 31 5 7 32 4 4 33 2 1 34 7 6 35</p>
        </triangles>
      </mesh>
    </geometry>
    <geometry id="upper-body__1__018-mesh" name="upper-body (1).018">
      <mesh>
        <source id="upper-body__1__018-mesh-positions">
          <float_array id="upper-body__1__018-mesh-positions-array" count="24">-0.04397362 0.04252618 0.0412743 -0.04397362 0.04352617 0.0412743 -0.04397362 0.04252618 0.01127433 -0.04247361 0.04252618 0.0412743 -0.04247361 0.04252618 0.01127433 -0.04247361 0.04352617 0.0412743 -0.04247361 0.04352617 0.01127433 -0.04397362 0.04352617 0.01127433</float_array>
          <technique_common>
            <accessor source="#upper-body__1__018-mesh-positions-array" count="8" stride="3">
              <param name="X" type="float" />
              <param name="Y" type="float" />
              <param name="Z" type="float" />
            </accessor>
          </technique_common>
        </source>
        <source id="upper-body__1__018-mesh-normals">
          <float_array id="upper-body__1__018-mesh-normals-array" count="24">0.5773439 0.5773543 0.5773527 -0.577346 -0.5773524 0.5773525 0.5773537 -0.5773495 0.5773476 -0.5773559 0.5773475 0.5773475 -0.5773559 -0.5773475 -0.5773475 0.5773444 -0.577354 -0.5773524 0.5773559 0.5773475 -0.5773475 -0.5773444 0.577354 -0.5773524</float_array>
          <technique_common>
            <accessor source="#upper-body__1__018-mesh-normals-array" count="8" stride="3">
              <param name="X" type="float" />
              <param name="Y" type="float" />
              <param name="Z" type="float" />
            </accessor>
          </technique_common>
        </source>
        <source id="upper-body__1__018-mesh-map-0">
          <float_array id="upper-body__1__018-mesh-map-0-array" count="72">0 0 0 0 0 0 0 0 0 0 0 0 0 0 0 0 0 0 0 0 0 0 0 0 0 0 0 0 0 0 0 0 0 0 0 0 0 0 0 0 0 0 0 0 0 0 0 0 0 0 0 0 0 0 0 0 0 0 0 0 0 0 0 0 0 0 0 0 0 0 0 0</float_array>
          <technique_common>
            <accessor source="#upper-body__1__018-mesh-map-0-array" count="36" stride="2">
              <param name="S" type="float" />
              <param name="T" type="float" />
            </accessor>
          </technique_common>
        </source>
        <vertices id="upper-body__1__018-mesh-vertices">
          <input semantic="POSITION" source="#upper-body__1__018-mesh-positions" />
        </vertices>
        <triangles material="camera_bracket_material-material" count="12">
          <input semantic="VERTEX" source="#upper-body__1__018-mesh-vertices" offset="0" />
          <input semantic="NORMAL" source="#upper-body__1__018-mesh-normals" offset="1" />
          <input semantic="TEXCOORD" source="#upper-body__1__018-mesh-map-0" offset="2" set="0" />
          <p>5 0 0 0 1 1 3 2 2 1 3 3 2 4 4 0 1 5 4 5 6 0 1 7 2 4 8 6 6 9 3 2 10 4 5 11 7 7 12 5 0 13 6 6 14 4 5 15 7 7 16 6 6 17 5 0 18 1 3 19 0 1 20 1 3 21 7 7 22 2 4 23 4 5 24 3 2 25 0 1 26 6 6 27 5 0 28 3 2 29 7 7 30 1 3 31 5 0 32 4 5 33 2 4 34 7 7 35</p>
        </triangles>
      </mesh>
    </geometry>
    <geometry id="upper-body__1__017-mesh" name="upper-body (1).017">
      <mesh>
        <source id="upper-body__1__017-mesh-positions">
          <float_array id="upper-body__1__017-mesh-positions-array" count="24">-0.009473621 0.04252618 0.01127433 -0.009473621 0.04352617 0.01127433 -0.009473621 0.04252618 0.0412743 -0.01097363 0.04252618 0.01127433 -0.01097363 0.04252618 0.0412743 -0.01097363 0.04352617 0.01127433 -0.01097363 0.04352617 0.0412743 -0.009473621 0.04352617 0.0412743</float_array>
          <technique_common>
            <accessor source="#upper-body__1__017-mesh-positions-array" count="8" stride="3">
              <param name="X" type="float" />
              <param name="Y" type="float" />
              <param name="Z" type="float" />
            </accessor>
          </technique_common>
        </source>
        <source id="upper-body__1__017-mesh-normals">
          <float_array id="upper-body__1__017-mesh-normals-array" count="24">-0.5773444 0.5773541 -0.5773524 0.5773444 -0.5773541 -0.5773524 -0.5773559 -0.5773475 -0.5773475 0.5773559 0.5773475 -0.5773475 0.5773559 -0.5773475 0.5773475 -0.5773444 -0.5773541 0.5773524 -0.5773559 0.5773475 0.5773475 0.5773444 0.5773541 0.5773524</float_array>
          <technique_common>
            <accessor source="#upper-body__1__017-mesh-normals-array" count="8" stride="3">
              <param name="X" type="float" />
              <param name="Y" type="float" />
              <param name="Z" type="float" />
            </accessor>
          </technique_common>
        </source>
        <source id="upper-body__1__017-mesh-map-0">
          <float_array id="upper-body__1__017-mesh-map-0-array" count="72">0 0 0 0 0 0 0 0 0 0 0 0 0 0 0 0 0 0 0 0 0 0 0 0 0 0 0 0 0 0 0 0 0 0 0 0 0 0 0 0 0 0 0 0 0 0 0 0 0 0 0 0 0 0 0 0 0 0 0 0 0 0 0 0 0 0 0 0 0 0 0 0</float_array>
          <technique_common>
            <accessor source="#upper-body__1__017-mesh-map-0-array" count="36" stride="2">
              <param name="S" type="float" />
              <param name="T" type="float" />
            </accessor>
          </technique_common>
        </source>
        <vertices id="upper-body__1__017-mesh-vertices">
          <input semantic="POSITION" source="#upper-body__1__017-mesh-positions" />
        </vertices>
        <triangles material="camera_bracket_material-material" count="12">
          <input semantic="VERTEX" source="#upper-body__1__017-mesh-vertices" offset="0" />
          <input semantic="NORMAL" source="#upper-body__1__017-mesh-normals" offset="1" />
          <input semantic="TEXCOORD" source="#upper-body__1__017-mesh-map-0" offset="2" set="0" />
          <p>5 0 0 0 1 1 3 2 2 1 3 3 2 4 4 0 1 5 4 5 6 0 1 7 2 4 8 6 6 9 3 2 10 4 5 11 7 7 12 5 0 13 6 6 14 7 7 15 4 5 16 2 4 17 5 0 18 1 3 19 0 1 20 1 3 21 7 7 22 2 4 23 4 5 24 3 2 25 0 1 26 6 6 27 5 0 28 3 2 29 7 7 30 1 3 31 5 0 32 7 7 33 6 6 34 4 5 35</p>
        </triangles>
      </mesh>
    </geometry>
    <geometry id="upper-body__1__016-mesh" name="upper-body (1).016">
      <mesh>
        <source id="upper-body__1__016-mesh-positions">
          <float_array id="upper-body__1__016-mesh-positions-array" count="24">-0.0244736 0.04252618 0.0412743 -0.02597361 0.04252618 0.0412743 -0.0244736 0.04252618 0.01127433 -0.0244736 0.04352617 0.0412743 -0.0244736 0.04352617 0.01127433 -0.02597361 0.04352617 0.0412743 -0.02597361 0.04352617 0.01127433 -0.02597361 0.04252618 0.01127433</float_array>
          <technique_common>
            <accessor source="#upper-body__1__016-mesh-positions-array" count="8" stride="3">
              <param name="X" type="float" />
              <param name="Y" type="float" />
              <param name="Z" type="float" />
            </accessor>
          </technique_common>
        </source>
        <source id="upper-body__1__016-mesh-normals">
          <float_array id="upper-body__1__016-mesh-normals-array" count="24">-0.5773444 -0.5773542 0.5773523 0.5773445 -0.577354 -0.5773523 0.5773559 -0.5773476 0.5773474 0.5773444 0.5773541 0.5773524 0.5773559 0.5773475 -0.5773475 -0.5773444 0.5773541 -0.5773524 -0.5773559 0.5773475 0.5773475 -0.5773559 -0.5773475 -0.5773475</float_array>
          <technique_common>
            <accessor source="#upper-body__1__016-mesh-normals-array" count="8" stride="3">
              <param name="X" type="float" />
              <param name="Y" type="float" />
              <param name="Z" type="float" />
            </accessor>
          </technique_common>
        </source>
        <source id="upper-body__1__016-mesh-map-0">
          <float_array id="upper-body__1__016-mesh-map-0-array" count="72">0 0 0 0 0 0 0 0 0 0 0 0 0 0 0 0 0 0 0 0 0 0 0 0 0 0 0 0 0 0 0 0 0 0 0 0 0 0 0 0 0 0 0 0 0 0 0 0 0 0 0 0 0 0 0 0 0 0 0 0 0 0 0 0 0 0 0 0 0 0 0 0</float_array>
          <technique_common>
            <accessor source="#upper-body__1__016-mesh-map-0-array" count="36" stride="2">
              <param name="S" type="float" />
              <param name="T" type="float" />
            </accessor>
          </technique_common>
        </source>
        <vertices id="upper-body__1__016-mesh-vertices">
          <input semantic="POSITION" source="#upper-body__1__016-mesh-positions" />
        </vertices>
        <triangles material="camera_bracket_material-material" count="12">
          <input semantic="VERTEX" source="#upper-body__1__016-mesh-vertices" offset="0" />
          <input semantic="NORMAL" source="#upper-body__1__016-mesh-normals" offset="1" />
          <input semantic="TEXCOORD" source="#upper-body__1__016-mesh-map-0" offset="2" set="0" />
          <p>1 0 0 2 1 1 0 2 2 3 3 3 1 0 4 0 2 5 4 4 6 0 2 7 2 1 8 6 5 9 3 3 10 4 4 11 5 6 12 7 7 13 1 0 14 2 1 15 6 5 16 4 4 17 1 0 18 7 7 19 2 1 20 3 3 21 5 6 22 1 0 23 4 4 24 3 3 25 0 2 26 6 5 27 5 6 28 3 3 29 5 6 30 6 5 31 7 7 32 2 1 33 7 7 34 6 5 35</p>
        </triangles>
      </mesh>
    </geometry>
    <geometry id="upper-body__1__015-mesh" name="upper-body (1).015">
      <mesh>
        <source id="upper-body__1__015-mesh-positions">
          <float_array id="upper-body__1__015-mesh-positions-array" count="24">-0.02897363 0.04252618 0.0412743 -0.02897363 0.04352617 0.0412743 -0.02897363 0.04252618 0.01127433 -0.02747362 0.04252618 0.0412743 -0.02747362 0.04252618 0.01127433 -0.02747362 0.04352617 0.0412743 -0.02747362 0.04352617 0.01127433 -0.02897363 0.04352617 0.01127433</float_array>
          <technique_common>
            <accessor source="#upper-body__1__015-mesh-positions-array" count="8" stride="3">
              <param name="X" type="float" />
              <param name="Y" type="float" />
              <param name="Z" type="float" />
            </accessor>
          </technique_common>
        </source>
        <source id="upper-body__1__015-mesh-normals">
          <float_array id="upper-body__1__015-mesh-normals-array" count="24">0.5773541 -0.5773439 0.5773528 -0.5773537 0.5773441 0.577353 -0.5773463 -0.5773575 0.577347 -0.5773556 -0.577348 -0.5773473 0.5773453 -0.5773532 -0.5773525 0.5773557 0.5773481 -0.5773472 -0.5773451 0.5773533 -0.5773524 0.5773469 0.5773572 0.5773467</float_array>
          <technique_common>
            <accessor source="#upper-body__1__015-mesh-normals-array" count="8" stride="3">
              <param name="X" type="float" />
              <param name="Y" type="float" />
              <param name="Z" type="float" />
            </accessor>
          </technique_common>
        </source>
        <source id="upper-body__1__015-mesh-map-0">
          <float_array id="upper-body__1__015-mesh-map-0-array" count="72">0 0 0 0 0 0 0 0 0 0 0 0 0 0 0 0 0 0 0 0 0 0 0 0 0 0 0 0 0 0 0 0 0 0 0 0 0 0 0 0 0 0 0 0 0 0 0 0 0 0 0 0 0 0 0 0 0 0 0 0 0 0 0 0 0 0 0 0 0 0 0 0</float_array>
          <technique_common>
            <accessor source="#upper-body__1__015-mesh-map-0-array" count="36" stride="2">
              <param name="S" type="float" />
              <param name="T" type="float" />
            </accessor>
          </technique_common>
        </source>
        <vertices id="upper-body__1__015-mesh-vertices">
          <input semantic="POSITION" source="#upper-body__1__015-mesh-positions" />
        </vertices>
        <triangles material="camera_bracket_material-material" count="12">
          <input semantic="VERTEX" source="#upper-body__1__015-mesh-vertices" offset="0" />
          <input semantic="NORMAL" source="#upper-body__1__015-mesh-normals" offset="1" />
          <input semantic="TEXCOORD" source="#upper-body__1__015-mesh-map-0" offset="2" set="0" />
          <p>3 0 0 1 1 1 0 2 2 1 1 3 2 3 4 0 2 5 4 4 6 0 2 7 2 3 8 6 5 9 3 0 10 4 4 11 7 6 12 5 7 13 6 5 14 7 6 15 4 4 16 2 3 17 3 0 18 5 7 19 1 1 20 1 1 21 7 6 22 2 3 23 4 4 24 3 0 25 0 2 26 6 5 27 5 7 28 3 0 29 7 6 30 1 1 31 5 7 32 7 6 33 6 5 34 4 4 35</p>
        </triangles>
      </mesh>
    </geometry>
    <geometry id="upper-body__1__014-mesh" name="upper-body (1).014">
      <mesh>
        <source id="upper-body__1__014-mesh-positions">
          <float_array id="upper-body__1__014-mesh-positions-array" count="24">-0.0499736 0.04252618 0.0412743 -0.0499736 0.04352617 0.0412743 -0.0499736 0.04252618 0.01127433 -0.04847359 0.04252618 0.0412743 -0.04847359 0.04252618 0.01127433 -0.04847359 0.04352617 0.0412743 -0.04847359 0.04352617 0.01127433 -0.0499736 0.04352617 0.01127433</float_array>
          <technique_common>
            <accessor source="#upper-body__1__014-mesh-positions-array" count="8" stride="3">
              <param name="X" type="float" />
              <param name="Y" type="float" />
              <param name="Z" type="float" />
            </accessor>
          </technique_common>
        </source>
        <source id="upper-body__1__014-mesh-normals">
          <float_array id="upper-body__1__014-mesh-normals-array" count="24">-0.5773559 0.5773475 0.5773475 -0.5773559 -0.5773475 -0.5773474 -0.5773444 -0.5773541 0.5773524 0.5773444 0.5773541 0.5773524 0.5773559 -0.5773475 0.5773474 0.5773444 -0.5773541 -0.5773524 0.5773559 0.5773475 -0.5773475 -0.5773444 0.5773541 -0.5773524</float_array>
          <technique_common>
            <accessor source="#upper-body__1__014-mesh-normals-array" count="8" stride="3">
              <param name="X" type="float" />
              <param name="Y" type="float" />
              <param name="Z" type="float" />
            </accessor>
          </technique_common>
        </source>
        <source id="upper-body__1__014-mesh-map-0">
          <float_array id="upper-body__1__014-mesh-map-0-array" count="72">0 0 0 0 0 0 0 0 0 0 0 0 0 0 0 0 0 0 0 0 0 0 0 0 0 0 0 0 0 0 0 0 0 0 0 0 0 0 0 0 0 0 0 0 0 0 0 0 0 0 0 0 0 0 0 0 0 0 0 0 0 0 0 0 0 0 0 0 0 0 0 0</float_array>
          <technique_common>
            <accessor source="#upper-body__1__014-mesh-map-0-array" count="36" stride="2">
              <param name="S" type="float" />
              <param name="T" type="float" />
            </accessor>
          </technique_common>
        </source>
        <vertices id="upper-body__1__014-mesh-vertices">
          <input semantic="POSITION" source="#upper-body__1__014-mesh-positions" />
        </vertices>
        <triangles material="camera_bracket_material-material" count="12">
          <input semantic="VERTEX" source="#upper-body__1__014-mesh-vertices" offset="0" />
          <input semantic="NORMAL" source="#upper-body__1__014-mesh-normals" offset="1" />
          <input semantic="TEXCOORD" source="#upper-body__1__014-mesh-map-0" offset="2" set="0" />
          <p>1 0 0 2 1 1 0 2 2 5 3 3 0 2 4 3 4 5 4 5 6 0 2 7 2 1 8 6 6 9 3 4 10 4 5 11 7 7 12 5 3 13 6 6 14 7 7 15 4 5 16 2 1 17 1 0 18 7 7 19 2 1 20 5 3 21 1 0 22 0 2 23 4 5 24 3 4 25 0 2 26 6 6 27 5 3 28 3 4 29 7 7 30 1 0 31 5 3 32 7 7 33 6 6 34 4 5 35</p>
        </triangles>
      </mesh>
    </geometry>
    <geometry id="upper-body__1__013-mesh" name="upper-body (1).013">
      <mesh>
        <source id="upper-body__1__013-mesh-positions">
          <float_array id="upper-body__1__013-mesh-positions-array" count="24">-0.01847362 0.04252618 0.01127433 -0.01847362 0.04352617 0.01127433 -0.01847362 0.04252618 0.0412743 -0.01997363 0.04252618 0.01127433 -0.01997363 0.04352617 0.01127433 -0.01997363 0.04252618 0.0412743 -0.01997363 0.04352617 0.0412743 -0.01847362 0.04352617 0.0412743</float_array>
          <technique_common>
            <accessor source="#upper-body__1__013-mesh-positions-array" count="8" stride="3">
              <param name="X" type="float" />
              <param name="Y" type="float" />
              <param name="Z" type="float" />
            </accessor>
          </technique_common>
        </source>
        <source id="upper-body__1__013-mesh-normals">
          <float_array id="upper-body__1__013-mesh-normals-array" count="24">-0.5773444 0.577354 -0.5773524 0.5773444 -0.5773539 -0.5773525 -0.5773559 -0.5773474 -0.5773476 0.5773559 0.5773475 -0.5773475 0.5773559 -0.5773476 0.5773473 -0.5773444 -0.5773541 0.5773524 -0.5773559 0.5773475 0.5773475 0.5773444 0.577354 0.5773524</float_array>
          <technique_common>
            <accessor source="#upper-body__1__013-mesh-normals-array" count="8" stride="3">
              <param name="X" type="float" />
              <param name="Y" type="float" />
              <param name="Z" type="float" />
            </accessor>
          </technique_common>
        </source>
        <source id="upper-body__1__013-mesh-map-0">
          <float_array id="upper-body__1__013-mesh-map-0-array" count="72">0 0 0 0 0 0 0 0 0 0 0 0 0 0 0 0 0 0 0 0 0 0 0 0 0 0 0 0 0 0 0 0 0 0 0 0 0 0 0 0 0 0 0 0 0 0 0 0 0 0 0 0 0 0 0 0 0 0 0 0 0 0 0 0 0 0 0 0 0 0 0 0</float_array>
          <technique_common>
            <accessor source="#upper-body__1__013-mesh-map-0-array" count="36" stride="2">
              <param name="S" type="float" />
              <param name="T" type="float" />
            </accessor>
          </technique_common>
        </source>
        <vertices id="upper-body__1__013-mesh-vertices">
          <input semantic="POSITION" source="#upper-body__1__013-mesh-positions" />
        </vertices>
        <triangles material="camera_bracket_material-material" count="12">
          <input semantic="VERTEX" source="#upper-body__1__013-mesh-vertices" offset="0" />
          <input semantic="NORMAL" source="#upper-body__1__013-mesh-normals" offset="1" />
          <input semantic="TEXCOORD" source="#upper-body__1__013-mesh-map-0" offset="2" set="0" />
          <p>4 0 0 0 1 1 3 2 2 1 3 3 2 4 4 0 1 5 5 5 6 0 1 7 2 4 8 6 6 9 3 2 10 5 5 11 7 7 12 5 5 13 2 4 14 4 0 15 7 7 16 1 3 17 4 0 18 1 3 19 0 1 20 1 3 21 7 7 22 2 4 23 5 5 24 3 2 25 0 1 26 6 6 27 4 0 28 3 2 29 7 7 30 6 6 31 5 5 32 4 0 33 6 6 34 7 7 35</p>
        </triangles>
      </mesh>
    </geometry>
    <geometry id="upper-body__1__012-mesh" name="upper-body (1).012">
      <mesh>
        <source id="upper-body__1__012-mesh-positions">
          <float_array id="upper-body__1__012-mesh-positions-array" count="24">-0.05297362 0.04252618 0.0412743 -0.05297362 0.04352617 0.0412743 -0.05297362 0.04252618 0.01127433 -0.05147361 0.04252618 0.0412743 -0.05147361 0.04252618 0.01127433 -0.05147361 0.04352617 0.0412743 -0.05147361 0.04352617 0.01127433 -0.05297362 0.04352617 0.01127433</float_array>
          <technique_common>
            <accessor source="#upper-body__1__012-mesh-positions-array" count="8" stride="3">
              <param name="X" type="float" />
              <param name="Y" type="float" />
              <param name="Z" type="float" />
            </accessor>
          </technique_common>
        </source>
        <source id="upper-body__1__012-mesh-normals">
          <float_array id="upper-body__1__012-mesh-normals-array" count="24">0.5773542 -0.5773439 0.5773528 -0.5773538 0.5773441 0.577353 -0.5773464 -0.5773575 0.577347 -0.5773556 -0.5773481 -0.5773472 0.5773452 -0.5773531 -0.5773525 0.5773558 0.577348 -0.5773471 -0.5773451 0.5773532 -0.5773525 0.5773469 0.5773572 0.5773468</float_array>
          <technique_common>
            <accessor source="#upper-body__1__012-mesh-normals-array" count="8" stride="3">
              <param name="X" type="float" />
              <param name="Y" type="float" />
              <param name="Z" type="float" />
            </accessor>
          </technique_common>
        </source>
        <source id="upper-body__1__012-mesh-map-0">
          <float_array id="upper-body__1__012-mesh-map-0-array" count="72">0 0 0 0 0 0 0 0 0 0 0 0 0 0 0 0 0 0 0 0 0 0 0 0 0 0 0 0 0 0 0 0 0 0 0 0 0 0 0 0 0 0 0 0 0 0 0 0 0 0 0 0 0 0 0 0 0 0 0 0 0 0 0 0 0 0 0 0 0 0 0 0</float_array>
          <technique_common>
            <accessor source="#upper-body__1__012-mesh-map-0-array" count="36" stride="2">
              <param name="S" type="float" />
              <param name="T" type="float" />
            </accessor>
          </technique_common>
        </source>
        <vertices id="upper-body__1__012-mesh-vertices">
          <input semantic="POSITION" source="#upper-body__1__012-mesh-positions" />
        </vertices>
        <triangles material="camera_bracket_material-material" count="12">
          <input semantic="VERTEX" source="#upper-body__1__012-mesh-vertices" offset="0" />
          <input semantic="NORMAL" source="#upper-body__1__012-mesh-normals" offset="1" />
          <input semantic="TEXCOORD" source="#upper-body__1__012-mesh-map-0" offset="2" set="0" />
          <p>3 0 0 1 1 1 0 2 2 1 1 3 2 3 4 0 2 5 4 4 6 0 2 7 2 3 8 6 5 9 3 0 10 4 4 11 7 6 12 5 7 13 6 5 14 7 6 15 4 4 16 2 3 17 3 0 18 5 7 19 1 1 20 1 1 21 7 6 22 2 3 23 4 4 24 3 0 25 0 2 26 6 5 27 5 7 28 3 0 29 7 6 30 1 1 31 5 7 32 7 6 33 6 5 34 4 4 35</p>
        </triangles>
      </mesh>
    </geometry>
    <geometry id="upper-body__1__011-mesh" name="upper-body (1).011">
      <mesh>
        <source id="upper-body__1__011-mesh-positions">
          <float_array id="upper-body__1__011-mesh-positions-array" count="24">-0.0154736 0.04252618 0.0412743 -0.0154736 0.04352617 0.0412743 -0.01697361 0.04252618 0.0412743 -0.0154736 0.04252618 0.01127433 -0.01697361 0.04252618 0.01127433 -0.0154736 0.04352617 0.01127433 -0.01697361 0.04352617 0.01127433 -0.01697361 0.04352617 0.0412743</float_array>
          <technique_common>
            <accessor source="#upper-body__1__011-mesh-positions-array" count="8" stride="3">
              <param name="X" type="float" />
              <param name="Y" type="float" />
              <param name="Z" type="float" />
            </accessor>
          </technique_common>
        </source>
        <source id="upper-body__1__011-mesh-normals">
          <float_array id="upper-body__1__011-mesh-normals-array" count="24">0.5773559 0.5773475 -0.5773475 0.5773559 -0.5773476 0.5773473 0.5773444 -0.5773539 -0.5773525 0.5773444 0.577354 0.5773524 -0.5773444 -0.5773541 0.5773524 -0.5773559 -0.5773474 -0.5773476 -0.5773444 0.577354 -0.5773524 -0.5773559 0.5773475 0.5773475</float_array>
          <technique_common>
            <accessor source="#upper-body__1__011-mesh-normals-array" count="8" stride="3">
              <param name="X" type="float" />
              <param name="Y" type="float" />
              <param name="Z" type="float" />
            </accessor>
          </technique_common>
        </source>
        <source id="upper-body__1__011-mesh-map-0">
          <float_array id="upper-body__1__011-mesh-map-0-array" count="72">0 0 0 0 0 0 0 0 0 0 0 0 0 0 0 0 0 0 0 0 0 0 0 0 0 0 0 0 0 0 0 0 0 0 0 0 0 0 0 0 0 0 0 0 0 0 0 0 0 0 0 0 0 0 0 0 0 0 0 0 0 0 0 0 0 0 0 0 0 0 0 0</float_array>
          <technique_common>
            <accessor source="#upper-body__1__011-mesh-map-0-array" count="36" stride="2">
              <param name="S" type="float" />
              <param name="T" type="float" />
            </accessor>
          </technique_common>
        </source>
        <vertices id="upper-body__1__011-mesh-vertices">
          <input semantic="POSITION" source="#upper-body__1__011-mesh-positions" />
        </vertices>
        <triangles material="camera_bracket_material-material" count="12">
          <input semantic="VERTEX" source="#upper-body__1__011-mesh-vertices" offset="0" />
          <input semantic="NORMAL" source="#upper-body__1__011-mesh-normals" offset="1" />
          <input semantic="TEXCOORD" source="#upper-body__1__011-mesh-map-0" offset="2" set="0" />
          <p>5 0 0 0 1 1 3 2 2 1 3 3 2 4 4 0 1 5 3 2 6 2 4 7 4 5 8 6 6 9 3 2 10 4 5 11 1 3 12 6 6 13 7 7 14 7 7 15 4 5 16 2 4 17 5 0 18 1 3 19 0 1 20 1 3 21 7 7 22 2 4 23 3 2 24 0 1 25 2 4 26 6 6 27 5 0 28 3 2 29 1 3 30 5 0 31 6 6 32 7 7 33 6 6 34 4 5 35</p>
        </triangles>
      </mesh>
    </geometry>
    <geometry id="upper-body__1__010-mesh" name="upper-body (1).010">
      <mesh>
        <source id="upper-body__1__010-mesh-positions">
          <float_array id="upper-body__1__010-mesh-positions-array" count="24">-0.04547363 0.04252618 0.01127433 -0.04547363 0.04352617 0.01127433 -0.04547363 0.04252618 0.0412743 -0.04697364 0.04252618 0.01127433 -0.04697364 0.04252618 0.0412743 -0.04697364 0.04352617 0.01127433 -0.04697364 0.04352617 0.0412743 -0.04547363 0.04352617 0.0412743</float_array>
          <technique_common>
            <accessor source="#upper-body__1__010-mesh-positions-array" count="8" stride="3">
              <param name="X" type="float" />
              <param name="Y" type="float" />
              <param name="Z" type="float" />
            </accessor>
          </technique_common>
        </source>
        <source id="upper-body__1__010-mesh-normals">
          <float_array id="upper-body__1__010-mesh-normals-array" count="24">0.5773559 0.5773475 -0.5773475 0.5773559 -0.5773475 0.5773474 0.5773444 -0.5773541 -0.5773524 -0.5773444 0.5773541 -0.5773524 -0.5773559 -0.5773475 -0.5773474 -0.5773444 -0.5773541 0.5773524 -0.5773559 0.5773475 0.5773475 0.5773444 0.5773541 0.5773524</float_array>
          <technique_common>
            <accessor source="#upper-body__1__010-mesh-normals-array" count="8" stride="3">
              <param name="X" type="float" />
              <param name="Y" type="float" />
              <param name="Z" type="float" />
            </accessor>
          </technique_common>
        </source>
        <source id="upper-body__1__010-mesh-map-0">
          <float_array id="upper-body__1__010-mesh-map-0-array" count="72">0 0 0 0 0 0 0 0 0 0 0 0 0 0 0 0 0 0 0 0 0 0 0 0 0 0 0 0 0 0 0 0 0 0 0 0 0 0 0 0 0 0 0 0 0 0 0 0 0 0 0 0 0 0 0 0 0 0 0 0 0 0 0 0 0 0 0 0 0 0 0 0</float_array>
          <technique_common>
            <accessor source="#upper-body__1__010-mesh-map-0-array" count="36" stride="2">
              <param name="S" type="float" />
              <param name="T" type="float" />
            </accessor>
          </technique_common>
        </source>
        <vertices id="upper-body__1__010-mesh-vertices">
          <input semantic="POSITION" source="#upper-body__1__010-mesh-positions" />
        </vertices>
        <triangles material="camera_bracket_material-material" count="12">
          <input semantic="VERTEX" source="#upper-body__1__010-mesh-vertices" offset="0" />
          <input semantic="NORMAL" source="#upper-body__1__010-mesh-normals" offset="1" />
          <input semantic="TEXCOORD" source="#upper-body__1__010-mesh-map-0" offset="2" set="0" />
          <p>1 0 0 2 1 1 0 2 2 5 3 3 0 2 4 3 4 5 4 5 6 0 2 7 2 1 8 6 6 9 3 4 10 4 5 11 7 7 12 5 3 13 6 6 14 4 5 15 7 7 16 6 6 17 1 0 18 7 7 19 2 1 20 5 3 21 1 0 22 0 2 23 4 5 24 3 4 25 0 2 26 6 6 27 5 3 28 3 4 29 7 7 30 1 0 31 5 3 32 4 5 33 2 1 34 7 7 35</p>
        </triangles>
      </mesh>
    </geometry>
    <geometry id="upper-body__1__009-mesh" name="upper-body (1).009">
      <mesh>
        <source id="upper-body__1__009-mesh-positions">
          <float_array id="upper-body__1__009-mesh-positions-array" count="24">-0.03497362 0.04252618 0.0412743 -0.03497362 0.04352617 0.0412743 -0.03497362 0.04252618 0.01127433 -0.03347361 0.04252618 0.0412743 -0.03347361 0.04352617 0.0412743 -0.03347361 0.04252618 0.01127433 -0.03347361 0.04352617 0.01127433 -0.03497362 0.04352617 0.01127433</float_array>
          <technique_common>
            <accessor source="#upper-body__1__009-mesh-positions-array" count="8" stride="3">
              <param name="X" type="float" />
              <param name="Y" type="float" />
              <param name="Z" type="float" />
            </accessor>
          </technique_common>
        </source>
        <source id="upper-body__1__009-mesh-normals">
          <float_array id="upper-body__1__009-mesh-normals-array" count="24">-0.5773559 0.5773475 0.5773475 -0.5773559 -0.5773474 -0.5773476 -0.5773444 -0.5773541 0.5773524 0.5773444 0.577354 0.5773524 0.5773559 -0.5773475 0.5773475 0.5773444 -0.5773539 -0.5773525 0.5773559 0.5773475 -0.5773475 -0.5773444 0.577354 -0.5773524</float_array>
          <technique_common>
            <accessor source="#upper-body__1__009-mesh-normals-array" count="8" stride="3">
              <param name="X" type="float" />
              <param name="Y" type="float" />
              <param name="Z" type="float" />
            </accessor>
          </technique_common>
        </source>
        <source id="upper-body__1__009-mesh-map-0">
          <float_array id="upper-body__1__009-mesh-map-0-array" count="72">0 0 0 0 0 0 0 0 0 0 0 0 0 0 0 0 0 0 0 0 0 0 0 0 0 0 0 0 0 0 0 0 0 0 0 0 0 0 0 0 0 0 0 0 0 0 0 0 0 0 0 0 0 0 0 0 0 0 0 0 0 0 0 0 0 0 0 0 0 0 0 0</float_array>
          <technique_common>
            <accessor source="#upper-body__1__009-mesh-map-0-array" count="36" stride="2">
              <param name="S" type="float" />
              <param name="T" type="float" />
            </accessor>
          </technique_common>
        </source>
        <vertices id="upper-body__1__009-mesh-vertices">
          <input semantic="POSITION" source="#upper-body__1__009-mesh-positions" />
        </vertices>
        <triangles material="camera_bracket_material-material" count="12">
          <input semantic="VERTEX" source="#upper-body__1__009-mesh-vertices" offset="0" />
          <input semantic="NORMAL" source="#upper-body__1__009-mesh-normals" offset="1" />
          <input semantic="TEXCOORD" source="#upper-body__1__009-mesh-map-0" offset="2" set="0" />
          <p>1 0 0 2 1 1 0 2 2 4 3 3 0 2 4 3 4 5 5 5 6 0 2 7 2 1 8 6 6 9 3 4 10 5 5 11 7 7 12 5 5 13 2 1 14 7 7 15 4 3 16 6 6 17 1 0 18 7 7 19 2 1 20 4 3 21 1 0 22 0 2 23 5 5 24 3 4 25 0 2 26 6 6 27 4 3 28 3 4 29 7 7 30 6 6 31 5 5 32 7 7 33 1 0 34 4 3 35</p>
        </triangles>
      </mesh>
    </geometry>
    <geometry id="upper-body__1__008-mesh" name="upper-body (1).008">
      <mesh>
        <source id="upper-body__1__008-mesh-positions">
          <float_array id="upper-body__1__008-mesh-positions-array" count="24">-0.0319736 0.04252618 0.01127433 -0.0319736 0.04352617 0.01127433 -0.03047358 0.04252618 0.01127433 -0.0319736 0.04252618 0.0412743 -0.03047358 0.04252618 0.0412743 -0.0319736 0.04352617 0.0412743 -0.03047358 0.04352617 0.0412743 -0.03047358 0.04352617 0.01127433</float_array>
          <technique_common>
            <accessor source="#upper-body__1__008-mesh-positions-array" count="8" stride="3">
              <param name="X" type="float" />
              <param name="Y" type="float" />
              <param name="Z" type="float" />
            </accessor>
          </technique_common>
        </source>
        <source id="upper-body__1__008-mesh-normals">
          <float_array id="upper-body__1__008-mesh-normals-array" count="24">-0.5773444 0.577354 -0.5773524 0.5773444 -0.5773539 -0.5773525 -0.5773559 -0.5773474 -0.5773476 -0.5773559 0.5773475 0.5773475 -0.5773444 -0.5773541 0.5773524 0.5773559 -0.5773475 0.5773475 0.5773444 0.577354 0.5773524 0.5773559 0.5773475 -0.5773475</float_array>
          <technique_common>
            <accessor source="#upper-body__1__008-mesh-normals-array" count="8" stride="3">
              <param name="X" type="float" />
              <param name="Y" type="float" />
              <param name="Z" type="float" />
            </accessor>
          </technique_common>
        </source>
        <source id="upper-body__1__008-mesh-map-0">
          <float_array id="upper-body__1__008-mesh-map-0-array" count="72">0 0 0 0 0 0 0 0 0 0 0 0 0 0 0 0 0 0 0 0 0 0 0 0 0 0 0 0 0 0 0 0 0 0 0 0 0 0 0 0 0 0 0 0 0 0 0 0 0 0 0 0 0 0 0 0 0 0 0 0 0 0 0 0 0 0 0 0 0 0 0 0</float_array>
          <technique_common>
            <accessor source="#upper-body__1__008-mesh-map-0-array" count="36" stride="2">
              <param name="S" type="float" />
              <param name="T" type="float" />
            </accessor>
          </technique_common>
        </source>
        <vertices id="upper-body__1__008-mesh-vertices">
          <input semantic="POSITION" source="#upper-body__1__008-mesh-positions" />
        </vertices>
        <triangles material="camera_bracket_material-material" count="12">
          <input semantic="VERTEX" source="#upper-body__1__008-mesh-vertices" offset="0" />
          <input semantic="NORMAL" source="#upper-body__1__008-mesh-normals" offset="1" />
          <input semantic="TEXCOORD" source="#upper-body__1__008-mesh-map-0" offset="2" set="0" />
          <p>1 0 0 2 1 1 0 2 2 5 3 3 0 2 4 3 4 5 3 4 6 2 1 7 4 5 8 6 6 9 3 4 10 4 5 11 1 0 12 6 6 13 7 7 14 7 7 15 4 5 16 2 1 17 1 0 18 7 7 19 2 1 20 5 3 21 1 0 22 0 2 23 3 4 24 0 2 25 2 1 26 6 6 27 5 3 28 3 4 29 1 0 30 5 3 31 6 6 32 7 7 33 6 6 34 4 5 35</p>
        </triangles>
      </mesh>
    </geometry>
    <geometry id="upper-body__1__007-mesh" name="upper-body (1).007">
      <mesh>
        <source id="upper-body__1__007-mesh-positions">
          <float_array id="upper-body__1__007-mesh-positions-array" count="24">-0.03797364 0.04252618 0.0412743 -0.03797364 0.04352617 0.0412743 -0.03797364 0.04252618 0.01127433 -0.03647363 0.04252618 0.0412743 -0.03647363 0.04252618 0.01127433 -0.03647363 0.04352617 0.0412743 -0.03647363 0.04352617 0.01127433 -0.03797364 0.04352617 0.01127433</float_array>
          <technique_common>
            <accessor source="#upper-body__1__007-mesh-positions-array" count="8" stride="3">
              <param name="X" type="float" />
              <param name="Y" type="float" />
              <param name="Z" type="float" />
            </accessor>
          </technique_common>
        </source>
        <source id="upper-body__1__007-mesh-normals">
          <float_array id="upper-body__1__007-mesh-normals-array" count="24">0.577342 0.5773562 0.5773527 -0.5773444 -0.5773541 0.5773524 0.5773583 -0.5773454 0.5773472 -0.5773559 0.5773475 0.5773475 -0.5773532 -0.5773448 -0.5773529 0.5773496 -0.5773546 -0.5773469 0.5773508 0.5773469 -0.5773531 -0.5773471 0.5773568 -0.577347</float_array>
          <technique_common>
            <accessor source="#upper-body__1__007-mesh-normals-array" count="8" stride="3">
              <param name="X" type="float" />
              <param name="Y" type="float" />
              <param name="Z" type="float" />
            </accessor>
          </technique_common>
        </source>
        <source id="upper-body__1__007-mesh-map-0">
          <float_array id="upper-body__1__007-mesh-map-0-array" count="72">0 0 0 0 0 0 0 0 0 0 0 0 0 0 0 0 0 0 0 0 0 0 0 0 0 0 0 0 0 0 0 0 0 0 0 0 0 0 0 0 0 0 0 0 0 0 0 0 0 0 0 0 0 0 0 0 0 0 0 0 0 0 0 0 0 0 0 0 0 0 0 0</float_array>
          <technique_common>
            <accessor source="#upper-body__1__007-mesh-map-0-array" count="36" stride="2">
              <param name="S" type="float" />
              <param name="T" type="float" />
            </accessor>
          </technique_common>
        </source>
        <vertices id="upper-body__1__007-mesh-vertices">
          <input semantic="POSITION" source="#upper-body__1__007-mesh-positions" />
        </vertices>
        <triangles material="camera_bracket_material-material" count="12">
          <input semantic="VERTEX" source="#upper-body__1__007-mesh-vertices" offset="0" />
          <input semantic="NORMAL" source="#upper-body__1__007-mesh-normals" offset="1" />
          <input semantic="TEXCOORD" source="#upper-body__1__007-mesh-map-0" offset="2" set="0" />
          <p>5 0 0 0 1 1 3 2 2 1 3 3 2 4 4 0 1 5 4 5 6 0 1 7 2 4 8 6 6 9 3 2 10 4 5 11 7 7 12 5 0 13 6 6 14 6 6 15 2 4 16 7 7 17 5 0 18 1 3 19 0 1 20 1 3 21 7 7 22 2 4 23 4 5 24 3 2 25 0 1 26 6 6 27 5 0 28 3 2 29 7 7 30 1 3 31 5 0 32 6 6 33 4 5 34 2 4 35</p>
        </triangles>
      </mesh>
    </geometry>
    <geometry id="upper-body__1__006-mesh" name="upper-body (1).006">
      <mesh>
        <source id="upper-body__1__006-mesh-positions">
          <float_array id="upper-body__1__006-mesh-positions-array" count="639">0.004835724 0.04152619 0.01339548 0.00652635 0.04158502 0.01180231 0.005089282 0.04152619 0.01570224 0.005489766 0.04352617 0.01417315 0.00652635 0.04169285 0.01980233 0.003557205 0.04352617 0.01622164 0.002396881 0.04152619 0.01547294 0.002195954 0.04352617 0.01455235 0.002890348 0.04152619 0.01315975 0.003229081 0.04352617 0.01304215 -0.003846883 0.04335951 0.01127135 -0.002843201 0.04252618 0.02310717 -0.001473605 0.0418595 0.01980233 0.00652635 0.04169285 0.03380233 -0.001473605 0.0418387 0.03380233 0.00652635 0.04152619 0.04227435 -0.001473605 0.04152619 0.04227435 0.00652635 0.02802616 0.04227435 0.004038512 0.04152619 0.04050987 0.003432095 0.04352617 0.04053229 0.002244472 0.04352617 0.03846359 0.002149164 0.04152619 0.03883796 0.003776311 0.04352617 0.03713524 0.003776311 0.04152619 0.03711849 0.005343556 0.04152619 0.03859686 0.005403697 0.04352617 0.03876674 -0.02247393 0.04352617 0.04127633 -0.0207231 0.04302614 0.03934228 -0.01922309 0.04309761 0.04127633 -0.01772314 0.04352617 0.04127633 -0.02097231 0.04252618 0.04127633 -0.01772314 0.04302614 0.03878009 -0.01447397 0.04352617 0.04127633 -0.01622313 0.04252618 0.04127633 -0.01472312 0.0430262 0.03799086 -0.01322311 0.04252618 0.04127633 -0.0119723 0.04352617 0.04127633 -0.01246917 0.0430262 0.03725111 -0.01097559 0.0430262 0.03660273 -0.008723139 0.04352617 0.04127633 -0.01022309 0.04252618 0.04127633 -0.008723139 0.0430262 0.03547513 -0.007223129 0.04252618 0.04127633 -0.005723118 0.04352617 0.04127633 -0.005718529 0.0430262 0.03345894 -0.004975616 0.04252618 0.04127633 -0.003470599 0.04327619 0.04127633 -0.00302571 0.04352617 0.03044134 -0.002415478 0.04252618 0.02918523 -0.002606511 0.04352617 0.02364146 -0.02397227 0.04252618 0.04127633 -0.02372312 0.04302614 0.03969699 -0.02597564 0.04252618 0.04127633 -0.02672314 0.04302614 0.03986942 -0.0259723 0.04352617 0.04127633 -0.02822309 0.04252618 0.04127633 -0.0297231 0.04302614 0.03986942 -0.0297231 0.04352617 0.04127633 -0.03122311 0.04295474 0.04127633 -0.03297227 0.04252618 0.04127633 -0.03272312 0.04302614 0.03969705 -0.0349726 0.04352617 0.04127633 -0.03572362 0.04302614 0.03934234 -0.03497558 0.04252618 0.04127633 -0.03722411 0.04295474 0.04127633 -0.03872412 0.04302614 0.03878015 -0.03897327 0.04252618 0.04127633 -0.04047495 0.04352617 0.04127633 -0.04172414 0.04252618 0.04127633 -0.04172414 0.04302614 0.03799086 -0.04297327 0.04302614 0.04127633 -0.04397809 0.04302614 0.03725111 -0.0454716 0.04302614 0.03660273 -0.04447495 0.04352617 0.04127633 -0.04622411 0.04295474 0.04127633 -0.04772412 0.04252618 0.04127633 -0.04772412 0.04302614 0.03547513 -0.04847162 0.04352617 0.04127633 -0.04997664 0.04252618 0.04127633 -0.05072867 0.04302614 0.03345894 -0.05197328 0.04252618 0.04127633 -0.05072414 0.04352617 0.04127633 -0.0529766 0.04352617 0.04127633 -0.05342155 0.04252618 0.03044134 -0.05872613 0.04352617 0.03818351 -0.05884361 0.04152619 0.03788238 -0.05906683 0.04152619 0.03986173 -0.05916422 0.04352617 0.03995913 -0.06098496 0.04152619 0.04026675 -0.06093674 0.04352617 0.0402491 -0.06153625 0.04152619 0.03765207 -0.06178689 0.04352617 0.03866839 -0.06060957 0.04352617 0.03722107 -0.06297361 0.04169285 0.03380233 -0.06297361 0.04152619 0.04227435 -0.0549736 0.04183864 0.03380233 -0.0549736 0.04152619 0.04227435 -0.0549736 0.04252618 0.04227435 -0.001473605 0.04252618 0.04227435 -0.05786848 0.03205078 0.04427433 -0.05809646 0.03121083 0.04227435 -0.06297361 0.02802616 0.04427433 -0.05898576 0.03093522 0.04427433 -0.06019115 0.0319736 0.04227435 -0.06012237 0.03217589 0.04427433 -0.05887073 0.03307837 0.04427433 -0.0586099 0.0330612 0.04227435 -0.06297361 0.02802616 0.04227435 -0.04487359 0.02802616 0.04427433 -0.04487359 0.02802616 0.04227435 -0.04487359 0.01952618 0.04427433 -0.01157361 0.01952618 0.04427433 -0.04487359 0.01952618 0.04227435 -0.03947061 0.01952618 0.04227435 -0.01157361 0.01952618 0.04227435 -0.01702868 0.0228402 0.04227435 -0.01640444 0.02191817 0.04427433 -0.03938609 0.02249032 0.04427433 -0.03935712 0.02337843 0.04227435 -0.04042506 0.02412611 0.04427433 -0.0408802 0.02400797 0.04227435 -0.04161053 0.0226407 0.04427433 -0.04154777 0.02273887 0.04227435 -0.04028815 0.02197074 0.04227435 -0.01684874 0.0236687 0.04427433 -0.01487469 0.02359825 0.04427433 -0.01609903 0.02417176 0.04227435 -0.01496648 0.02327048 0.04227435 -0.01562136 0.02190971 0.04227435 -0.01157361 0.02802616 0.04427433 0.00652635 0.02802616 0.04427433 -0.01157361 0.02802616 0.04227435 0.001507341 0.03254908 0.04227435 0.00262922 0.03307837 0.04427433 0.003191232 0.03290808 0.04227435 0.00652635 0.04352617 0.04427433 0.00652635 0.04352617 0.009774327 0.00652635 0.04252618 0.009774327 -0.06297361 0.04352617 0.009774327 -0.06297361 0.04252618 0.009774327 -0.06297361 0.04352617 0.04427433 -0.06297361 0.04158496 0.01180231 -0.0549736 0.04169285 0.01180231 -0.0549736 0.0418595 0.01980233 -0.06297361 0.04169285 0.01980233 -0.05879634 0.04352617 0.01533448 -0.05906683 0.04352617 0.01349288 -0.06140863 0.04352617 0.01325845 -0.06114357 0.04152619 0.01317232 -0.06170457 0.04152619 0.01505351 -0.06102901 0.04352617 0.01602101 -0.06015151 0.04152619 0.01620143 -0.05854982 0.04152619 0.0140255 -0.05342143 0.04352617 0.02275007 -0.05403161 0.04252618 0.02400606 -0.05403178 0.04352617 0.02918523 -0.05047494 0.04252618 0.01127135 -0.0523746 0.04329085 0.01127135 -0.05072873 0.04302614 0.01973176 -0.04897326 0.04352617 0.01127135 -0.04772412 0.04252618 0.01127135 -0.04772412 0.04302614 0.01771652 -0.04622411 0.04352617 0.01127135 -0.0454716 0.04302614 0.01658892 -0.04397809 0.04302614 0.01594054 -0.0439741 0.04252618 0.01127135 -0.04247415 0.04352617 0.01127135 -0.04172414 0.04302614 0.01520079 -0.04097664 0.04252618 0.01127135 -0.03847497 0.04252618 0.01127135 -0.03947162 0.04352617 0.01127135 -0.03872412 0.04302614 0.0144115 -0.0364716 0.04252618 0.01127135 -0.03647464 0.04352617 0.01127135 -0.03572362 0.04302614 0.01384854 -0.03422313 0.04309761 0.01127135 -0.03247398 0.04252618 0.01127135 -0.03272312 0.0430262 0.01349359 -0.03047394 0.04352617 0.01127135 -0.0304706 0.04252618 0.01127135 -0.0297231 0.0430262 0.01332122 -0.02822309 0.04252618 0.01127135 -0.02672314 0.04302614 0.01332122 -0.02672314 0.04352617 0.01127135 -0.02522313 0.04252618 0.01127135 -0.02372312 0.04352617 0.01127135 -0.02372312 0.0430262 0.01349371 -0.02222311 0.04252618 0.01127135 -0.0207231 0.0430262 0.0138486 -0.0207231 0.04352617 0.01127135 -0.01922309 0.04252618 0.01127135 -0.01772314 0.0430262 0.0144115 -0.01772314 0.04352617 0.01127135 -0.01622313 0.04252618 0.01127135 -0.01472312 0.0430262 0.01520079 -0.01472312 0.04352617 0.01127135 -0.01322311 0.04252618 0.01127135 -0.01097559 0.0430262 0.01658892 -0.01246917 0.0430262 0.01594054 -0.01022309 0.04290115 0.01127135 -0.0117231 0.04352617 0.01127135 -0.008723139 0.0430262 0.01771652 -0.008473932 0.04252618 0.01127135 -0.006972253 0.04352617 0.01127135 -0.00647062 0.0430262 0.01918715 -0.004989564 0.0430262 0.02039402 -0.005473971 0.04252618 0.01127135 0.003667056 0.03182303 0.04427433 0.003379702 0.03136229 0.04227435 0.002021491 0.0310747 0.04227435 0.00231105 0.03099548 0.04427433 0.001377582 0.03217589 0.04427433 -0.001473605 0.04169285 0.01180231</float_array>
          <technique_common>
            <accessor source="#upper-body__1__006-mesh-positions-array" count="213" stride="3">
              <param name="X" type="float" />
              <param name="Y" type="float" />
              <param name="Z" type="float" />
            </accessor>
          </technique_common>
        </source>
        <source id="upper-body__1__006-mesh-normals">
          <float_array id="upper-body__1__006-mesh-normals-array" count="639">0.3559451 -0.9026148 -0.2420531 -0.2870421 -0.8675938 -0.4060639 0.261342 -0.8928269 0.3668249 0.03507554 0.8931283 -0.4484325 -0.2766113 -0.9197731 -0.2783951 0.5154892 0.8568511 -0.008789241 0.1227849 0.8691823 0.4790051 -0.3297467 -0.8652887 0.3775481 -0.6311078 0.7744541 0.04386353 0.05609709 0.5956673 0.80127 -0.7991709 -0.5930062 0.09833425 0.4359347 -0.8992463 -0.03628945 0.06117784 0.9192124 -0.3889805 -0.07880818 -0.9049367 -0.4181851 -0.009756445 -0.9158819 0.4013294 0.4637604 0.8779606 0.1187924 -0.4371154 0.899397 0.003922879 -0.4375272 -0.897642 0.05299657 0.03252565 0.7649453 -0.6432735 -0.06529068 -0.9599568 -0.2724338 0.006245613 -0.9507187 -0.3099923 0.06186532 -9.89641e-4 -0.998084 8.42598e-4 -0.01290154 -0.9999165 0.04821646 0.2680449 -0.9621992 0.01703023 0.9346093 0.3552681 -0.2627848 -0.9545601 0.1405677 -0.02415144 0.04756057 -0.9985764 0.04126501 0.9611093 -0.2730685 -0.03044885 -0.8441643 -0.5352191 -0.03864628 0.9764788 -0.2121221 -0.6618413 -0.00162369 -0.7496423 -3.43192e-7 0.02733588 -0.9996263 -0.01330554 -0.8308565 -0.5563278 0 0.9710838 -0.2387387 -0.008408367 -0.8388419 -0.5443102 0.07008892 0.9526385 -0.2959182 0.2832576 -0.8107662 -0.5122727 0.03192883 0.02071714 -0.9992755 -0.02650552 0.4017514 -0.9153652 -0.8580272 0.5117995 -0.0430209 -0.5616998 -0.8260002 -0.04708731 0.149423 -0.08037137 -0.9855016 0.08922129 0.8387233 -0.5371992 0.2229279 -0.8340375 -0.504663 -0.03286951 0.1048027 -0.9939498 0.001899003 -0.744524 -0.667593 0.1134465 0.04220592 -0.9926472 -0.01007777 -0.004797756 -0.9999377 -0.05890345 -0.962403 -0.2651621 0.1507366 0.8595824 -0.4882588 0.2026295 -0.8499418 -0.486354 -0.01261705 0.01158231 -0.9998534 -0.06325876 0.07331556 -0.9953005 0.05383479 0.0152744 -0.9984331 -0.08595937 -0.8976126 0.4323226 0.1859851 0.9755071 -0.1174543 0.05633413 -0.9677065 -0.2457045 -0.133507 0.2142192 -0.9676188 4.39996e-4 0.001835227 -0.9999982 0.6624737 -0.0523442 -0.7472541 0.08383613 0.906273 0.4142954 -0.4037584 -0.03160041 -0.9143198 0.006228327 -0.5083854 -0.8611072 -0.04165118 0.004756808 -0.9991209 -0.1069536 -0.9312419 0.3483526 0.04723739 0.9481379 -0.3143299 -0.1360446 0.9875628 -0.07881397 0.2558329 -0.8171354 -0.5165649 0.02040892 0.02089017 -0.9995735 0.06648129 -0.8972166 -0.4365577 0.196852 0.9677123 -0.1574236 0.8728279 -0.4721286 -0.1235561 0.5273386 0.8486 -0.04233407 -0.4627743 0.8647394 0.1951043 -0.3555766 -0.9008569 0.2490423 -0.3810737 -0.8555923 -0.3503493 0.5292204 0.8483563 0.01474958 0.2334811 -0.8859206 -0.4007884 0.2953557 -0.9208701 0.2544866 0.07912576 0.8667545 0.4924184 0.2989834 -0.3001808 -0.9058148 0.1544956 -0.9842593 -0.08581864 0.5795157 -0.5943643 -0.5575776 -0.6164416 -0.5099014 -0.6000004 -0.3045372 -0.9510817 -0.0519706 -0.2984995 -0.3000269 -0.9060253 -0.464634 -0.01804816 0.8853189 -0.1204733 -0.3738918 -0.9196146 -0.2401564 0.2496184 -0.9380915 -0.01771599 -0.4642763 0.8855132 0.3183146 0.02416867 -0.9476771 -0.5773472 -0.5773534 -0.5773503 -0.3015223 -0.3015253 0.9045258 -0.5773473 -0.57735 0.5773535 -0.5773477 -0.577338 0.5773651 -0.3015095 -0.3015205 -0.9045317 -0.577351 -0.5773518 -0.5773481 -0.4014374 -0.1390081 -0.9052761 -0.2993657 0.1738517 0.9381662 -0.01215511 -0.4047582 0.914343 0.1803215 -0.4301769 -0.8845519 0.3122186 0.1215778 0.9421987 0.4417524 0.1137714 -0.8898938 -0.07319176 0.4505357 -0.8897531 0.3411966 -0.2615427 0.9028735 0.4655279 0.08339709 -0.8810953 0.05969977 -0.4397736 -0.8961224 -0.2977548 -0.1281547 0.9460013 -0.4988678 -0.08234477 -0.8627575 -0.138044 0.3751606 -0.9166234 0.1001145 0.3367827 0.936245 0.5773361 -0.5773566 -0.5773582 0.301508 -0.3015183 0.9045329 0.5773532 -0.5773629 0.5773348 0.5773454 -0.5773527 0.5773528 0.3015131 -0.3015159 -0.904532 0.5773548 -0.5773549 -0.5773411 -0.2614901 -0.3676655 -0.8924377 -0.4261546 0.07370108 0.9016432 -0.05056643 -0.4803624 0.8756113 0.2421106 0.926165 0.2891381 0.1728311 -0.917443 0.3583682 -0.3296489 -0.9338705 0.1386279 0.4609242 -0.8763729 -0.1397116 0.2417678 0.8890191 -0.388836 -0.05266809 -0.8919793 -0.4489979 -0.4030475 0.8730651 -0.2744266 -0.049591 0.4730691 0.8796286 0.8424192 0.5329211 0.07953113 0.5750077 -0.8154432 0.06647199 -0.0141502 -0.009111642 0.9998584 0.04219275 -0.9807093 0.1908643 0.04270493 0.8210825 0.5692098 -0.01243448 -0.0247538 0.9996163 -0.01797658 -0.9677314 0.2513423 0.172473 0.03976815 0.9842112 0.1691288 -0.7684151 0.6171983 0.09080517 0.9760872 0.1975047 -0.05240058 -0.9588717 0.2789613 -0.1567762 -0.04773414 0.9864799 -0.20311 0.7859703 0.5839496 -0.1346345 0.8908897 0.4338078 -0.3935649 -0.8603326 -0.3239359 0.006463348 -0.008885979 0.9999396 -0.01364386 -0.1451962 0.9893088 -0.1011688 0.001887261 0.9948676 0.07938164 -0.8362897 -0.5425109 -0.1075487 0.8606773 0.4976625 -0.250151 -0.8537857 0.4565902 0.01482808 0.07578122 0.9970142 -0.03161913 -0.7659187 0.6421596 -1.49647e-7 0.07014673 0.9975367 -0.004831731 -0.7805392 0.6250883 -6.48574e-7 0.9528178 0.3035428 -0.008532941 -0.7871567 0.616694 -6.83005e-7 0.958844 0.2839334 3.19908e-7 0.9551239 0.2962066 -0.01053428 -0.7971754 0.6036561 1.77505e-6 0.04940229 0.9987791 -1.77309e-7 0.9629197 0.2697884 -0.01058208 -0.8088936 0.5878599 -1.1346e-6 0.04008537 0.9991964 -8.39686e-7 0.9665758 0.2563816 0.3904924 -0.02482753 0.9202713 0.09969216 -0.2129606 0.9719616 -0.03442835 0.983603 0.1770308 -0.02517038 0.008300781 0.9996488 0.06293499 -0.9134689 -0.4020123 -0.3838397 0.2967476 -0.8744187 0.08907824 0.4834271 0.8708407 0.2343282 0.4260193 -0.8738409 0.4427059 -0.05503213 0.8949766 -0.5767865 0.5776768 0.5775871 -0.649895 -0.02817368 0.7595018 0.5750545 0.5791773 -0.5778115 -0.2555604 0.9567723 -0.1388369 0.6622001 -0.7297558 -0.1701397 0.6962219 -0.7171362 0.03147917 -0.4123979 0.9065228 0.09024709 0.4043563 0.004235088 -0.9145919 0.5747872 0.5799296 0.5773227 -0.01033926 -0.9831967 0.1822564 0.2754982 0.005928099 0.9612834 -0.7817684 0.01271158 0.6234393 0.6129505 0.003313302 0.7901145 -0.4272856 -0.004708766 0.9041044 -0.04254788 -0.9880049 0.1484457 0.2615376 -0.8787002 -0.3993545 -0.5974395 -0.434603 -0.6739335 0.9041931 -0.3014398 -0.3026039 0.6981973 -0.7151535 -0.03280264 -0.01618689 0.8948732 0.4460272 0.04221016 0.9500027 -0.3093758 0.003354847 1.51467e-4 -0.9999945 -0.2533894 0.8947727 0.3676626 -0.5745713 0.5795889 -0.5778794 -0.6970509 -0.7162804 -0.03259527 -0.9042112 -0.3014253 -0.3025636 -0.3511659 0.8512467 -0.3899511 0.222604 0.8597253 -0.4596953 0.0308808 0.4410763 0.8969382 0.3980904 -0.06109565 0.9153095 1.36151e-7 -0.7071152 -0.7070984 0.3813998 -0.2156193 -0.898912 0.5972231 -0.4347119 -0.6740551 -0.6618142 -0.7300765 -0.1702651 0.2680616 -0.9612841 0.06384283 -0.6970772 -0.716288 0.03185606 -0.04655116 0.8475317 0.5286994 1.31789e-6 0.06602454 0.9978181 1.48751e-7 0.0586434 0.998279 0.01843589 -0.8209415 0.5707148 -0.2378171 -0.9691605 0.06458353</float_array>
          <technique_common>
            <accessor source="#upper-body__1__006-mesh-normals-array" count="213" stride="3">
              <param name="X" type="float" />
              <param name="Y" type="float" />
              <param name="Z" type="float" />
            </accessor>
          </technique_common>
        </source>
        <source id="upper-body__1__006-mesh-map-0">
          <float_array id="upper-body__1__006-mesh-map-0-array" count="2748">0 0 0 0 0 0 0 0 0 0 0 0 0 0 0 0 0 0 0 0 0 0 0 0 0 0 0 0 0 0 0 0 0 0 0 0 0 0 0 0 0 0 0 0 0 0 0 0 0 0 0 0 0 0 0 0 0 0 0 0 0 0 0 0 0 0 0 0 0 0 0 0 0 0 0 0 0 0 0 0 0 0 0 0 0 0 0 0 0 0 0 0 0 0 0 0 0 0 0 0 0 0 0 0 0 0 0 0 0 0 0 0 0 0 0 0 0 0 0 0 0 0 0 0 0 0 0 0 0 0 0 0 0 0 0 0 0 0 0 0 0 0 0 0 0 0 0 0 0 0 0 0 0 0 0 0 0 0 0 0 0 0 0 0 0 0 0 0 0 0 0 0 0 0 0 0 0 0 0 0 0 0 0 0 0 0 0 0 0 0 0 0 0 0 0 0 0 0 0 0 0 0 0 0 0 0 0 0 0 0 0 0 0 0 0 0 0 0 0 0 0 0 0 0 0 0 0 0 0 0 0 0 0 0 0 0 0 0 0 0 0 0 0 0 0 0 0 0 0 0 0 0 0 0 0 0 0 0 0 0 0 0 0 0 0 0 0 0 0 0 0 0 0 0 0 0 0 0 0 0 0 0 0 0 0 0 0 0 0 0 0 0 0 0 0 0 0 0 0 0 0 0 0 0 0 0 0 0 0 0 0 0 0 0 0 0 0 0 0 0 0 0 0 0 0 0 0 0 0 0 0 0 0 0 0 0 0 0 0 0 0 0 0 0 0 0 0 0 0 0 0 0 0 0 0 0 0 0 0 0 0 0 0 0 0 0 0 0 0 0 0 0 0 0 0 0 0 0 0 0 0 0 0 0 0 0 0 0 0 0 0 0 0 0 0 0 0 0 0 0 0 0 0 0 0 0 0 0 0 0 0 0 0 0 0 0 0 0 0 0 0 0 0 0 0 0 0 0 0 0 0 0 0 0 0 0 0 0 0 0 0 0 0 0 0 0 0 0 0 0 0 0 0 0 0 0 0 0 0 0 0 0 0 0 0 0 0 0 0 0 0 0 0 0 0 0 0 0 0 0 0 0 0 0 0 0 0 0 0 0 0 0 0 0 0 0 0 0 0 0 0 0 0 0 0 0 0 0 0 0 0 0 0 0 0 0 0 0 0 0 0 0 0 0 0 0 0 0 0 0 0 0 0 0 0 0 0 0 0 0 0 0 0 0 0 0 0 0 0 0 0 0 0 0 0 0 0 0 0 0 0 0 0 0 0 0 0 0 0 0 0 0 0 0 0 0 0 0 0 0 0 0 0 0 0 0 0 0 0 0 0 0 0 0 0 0 0 0 0 0 0 0 0 0 0 0 0 0 0 0 0 0 0 0 0 0 0 0 0 0 0 0 0 0 0 0 0 0 0 0 0 0 0 0 0 0 0 0 0 0 0 0 0 0 0 0 0 0 0 0 0 0 0 0 0 0 0 0 0 0 0 0 0 0 0 0 0 0 0 0 0 0 0 0 0 0 0 0 0 0 0 0 0 0 0 0 0 0 0 0 0 0 0 0 0 0 0 0 0 0 0 0 0 0 0 0 0 0 0 0 0 0 0 0 0 0 0 0 0 0 0 0 0 0 0 0 0 0 0 0 0 0 0 0 0 0 0 0 0 0 0 0 0 0 0 0 0 0 0 0 0 0 0 0 0 0 0 0 0 0 0 0 0 0 0 0 0 0 0 0 0 0 0 0 0 0 0 0 0 0 0 0 0 0 0 0 0 0 0 0 0 0 0 0 0 0 0 0 0 0 0 0 0 0 0 0 0 0 0 0 0 0 0 0 0 0 0 0 0 0 0 0 0 0 0 0 0 0 0 0 0 0 0 0 0 0 0 0 0 0 0 0 0 0 0 0 0 0 0 0 0 0 0 0 0 0 0 0 0 0 0 0 0 0 0 0 0 0 0 0 0 0 0 0 0 0 0 0 0 0 0 0 0 0 0 0 0 0 0 0 0 0 0 0 0 0 0 0 0 0 0 0 0 0 0 0 0 0 0 0 0 0 0 0 0 0 0 0 0 0 0 0 0 0 0 0 0 0 0 0 0 0 0 0 0 0 0 0 0 0 0 0 0 0 0 0 0 0 0 0 0 0 0 0 0 0 0 0 0 0 0 0 0 0 0 0 0 0 0 0 0 0 0 0 0 0 0 0 0 0 0 0 0 0 0 0 0 0 0 0 0 0 0 0 0 0 0 0 0 0 0 0 0 0 0 0 0 0 0 0 0 0 0 0 0 0 0 0 0 0 0 0 0 0 0 0 0 0 0 0 0 0 0 0 0 0 0 0 0 0 0 0 0 0 0 0 0 0 0 0 0 0 0 0 0 0 0 0 0 0 0 0 0 0 0 0 0 0 0 0 0 0 0 0 0 0 0 0 0 0 0 0 0 0 0 0 0 0 0 0 0 0 0 0 0 0 0 0 0 0 0 0 0 0 0 0 0 0 0 0 0 0 0 0 0 0 0 0 0 0 0 0 0 0 0 0 0 0 0 0 0 0 0 0 0 0 0 0 0 0 0 0 0 0 0 0 0 0 0 0 0 0 0 0 0 0 0 0 0 0 0 0 0 0 0 0 0 0 0 0 0 0 0 0 0 0 0 0 0 0 0 0 0 0 0 0 0 0 0 0 0 0 0 0 0 0 0 0 0 0 0 0 0 0 0 0 0 0 0 0 0 0 0 0 0 0 0 0 0 0 0 0 0 0 0 0 0 0 0 0 0 0 0 0 0 0 0 0 0 0 0 0 0 0 0 0 0 0 0 0 0 0 0 0 0 0 0 0 0 0 0 0 0 0 0 0 0 0 0 0 0 0 0 0 0 0 0 0 0 0 0 0 0 0 0 0 0 0 0 0 0 0 0 0 0 0 0 0 0 0 0 0 0 0 0 0 0 0 0 0 0 0 0 0 0 0 0 0 0 0 0 0 0 0 0 0 0 0 0 0 0 0 0 0 0 0 0 0 0 0 0 0 0 0 0 0 0 0 0 0 0 0 0 0 0 0 0 0 0 0 0 0 0 0 0 0 0 0 0 0 0 0 0 0 0 0 0 0 0 0 0 0 0 0 0 0 0 0 0 0 0 0 0 0 0 0 0 0 0 0 0 0 0 0 0 0 0 0 0 0 0 0 0 0 0 0 0 0 0 0 0 0 0 0 0 0 0 0 0 0 0 0 0 0 0 0 0 0 0 0 0 0 0 0 0 0 0 0 0 0 0 0 0 0 0 0 0 0 0 0 0 0 0 0 0 0 0 0 0 0 0 0 0 0 0 0 0 0 0 0 0 0 0 0 0 0 0 0 0 0 0 0 0 0 0 0 0 0 0 0 0 0 0 0 0 0 0 0 0 0 0 0 0 0 0 0 0 0 0 0 0 0 0 0 0 0 0 0 0 0 0 0 0 0 0 0 0 0 0 0 0 0 0 0 0 0 0 0 0 0 0 0 0 0 0 0 0 0 0 0 0 0 0 0 0 0 0 0 0 0 0 0 0 0 0 0 0 0 0 0 0 0 0 0 0 0 0 0 0 0 0 0 0 0 0 0 0 0 0 0 0 0 0 0 0 0 0 0 0 0 0 0 0 0 0 0 0 0 0 0 0 0 0 0 0 0 0 0 0 0 0 0 0 0 0 0 0 0 0 0 0 0 0 0 0 0 0 0 0 0 0 0 0 0 0 0 0 0 0 0 0 0 0 0 0 0 0 0 0 0 0 0 0 0 0 0 0 0 0 0 0 0 0 0 0 0 0 0 0 0 0 0 0 0 0 0 0 0 0 0 0 0 0 0 0 0 0 0 0 0 0 0 0 0 0 0 0 0 0 0 0 0 0 0 0 0 0 0 0 0 0 0 0 0 0 0 0 0 0 0 0 0 0 0 0 0 0 0 0 0 0 0 0 0 0 0 0 0 0 0 0 0 0 0 0 0 0 0 0 0 0 0 0 0 0 0 0 0 0 0 0 0 0 0 0 0 0 0 0 0 0 0 0 0 0 0 0 0 0 0 0 0 0 0 0 0 0 0 0 0 0 0 0 0 0 0 0 0 0 0 0 0 0 0 0 0 0 0 0 0 0 0 0 0 0 0 0 0 0 0 0 0 0 0 0 0 0 0 0 0 0 0 0 0 0 0 0 0 0 0 0 0 0 0 0 0 0 0 0 0 0 0 0 0 0 0 0 0 0 0 0 0 0 0 0 0 0 0 0 0 0 0 0 0 0 0 0 0 0 0 0 0 0 0 0 0 0 0 0 0 0 0 0 0 0 0 0 0 0 0 0 0 0 0 0 0 0 0 0 0 0 0 0 0 0 0 0 0 0 0 0 0 0 0 0 0 0 0 0 0 0 0 0 0 0 0 0 0 0 0 0 0 0 0 0 0 0 0 0 0 0 0 0 0 0 0 0 0 0 0 0 0 0 0 0 0 0 0 0 0 0 0 0 0 0 0 0 0 0 0 0 0 0 0 0 0 0 0 0 0 0 0 0 0 0 0 0 0 0 0 0 0 0 0 0 0 0 0 0 0 0 0 0 0 0 0 0 0 0 0 0 0 0 0 0 0 0 0 0 0 0 0 0 0 0 0 0 0 0 0 0 0 0 0 0 0 0 0 0 0 0 0 0 0 0 0 0 0 0 0 0 0 0 0 0 0 0 0 0 0 0 0 0 0 0 0 0 0 0 0 0 0 0 0 0 0 0 0 0 0 0 0 0 0 0 0 0 0 0 0 0 0 0 0 0 0 0 0 0 0 0 0 0 0 0 0 0 0 0 0 0 0 0 0 0 0 0 0 0 0 0 0 0 0 0 0 0 0 0 0 0 0 0 0 0 0 0 0 0 0 0 0 0 0 0 0 0 0 0 0 0 0 0 0 0 0 0 0 0 0 0 0 0 0 0 0 0 0 0 0 0 0 0 0 0 0 0 0 0 0 0 0 0 0 0 0 0 0 0 0 0 0 0 0 0 0 0 0 0 0 0 0 0 0 0 0 0 0 0 0 0 0 0 0 0 0 0 0 0 0 0 0 0 0 0 0 0 0 0 0 0 0 0 0 0 0 0 0 0 0 0 0 0 0 0 0 0 0 0 0 0 0 0 0 0 0 0 0 0 0 0 0 0 0 0 0 0 0 0 0 0 0 0 0 0 0 0 0 0 0 0 0 0 0 0 0 0 0 0 0 0 0 0 0 0 0 0 0 0 0 0 0 0 0 0 0 0 0 0 0 0 0 0 0 0 0 0 0 0 0 0 0 0 0 0 0 0 0 0 0 0 0 0 0 0 0 0 0 0 0 0 0 0 0 0 0 0 0 0 0 0 0 0 0 0 0 0 0 0 0 0 0 0 0 0 0 0 0 0 0 0 0 0 0 0 0 0 0 0 0 0 0 0 0 0 0 0 0 0 0 0 0 0 0 0 0 0 0 0 0 0 0 0 0 0 0 0 0 0 0 0 0 0 0 0 0 0 0 0 0 0 0 0 0 0 0 0 0 0 0 0 0 0 0 0 0 0 0 0 0 0 0 0 0 0 0 0 0 0 0 0 0 0 0 0 0 0 0 0 0 0 0 0 0 0 0 0 0 0 0 0 0 0 0 0 0 0 0 0 0 0 0 0 0 0 0 0 0 0 0 0 0 0 0 0 0 0 0 0 0 0 0 0 0 0 0 0 0 0 0 0 0 0 0 0 0 0 0 0 0 0 0 0 0 0 0 0 0 0 0 0 0 0 0 0 0 0 0 0 0 0 0 0 0 0 0 0 0 0 0 0 0 0 0 0 0 0 0 0 0 0 0 0 0 0 0 0 0 0 0 0 0 0 0 0 0 0 0 0 0 0 0 0 0 0 0 0 0 0 0 0 0 0 0 0 0 0 0 0 0 0 0 0 0 0 0 0 0 0 0 0 0 0 0 0 0 0 0 0 0 0 0 0 0 0 0 0 0 0 0 0 0 0 0 0 0 0 0 0 0 0 0 0 0 0 0 0 0 0 0 0 0 0 0 0 0 0 0 0 0 0 0 0 0 0 0 0 0 0 0 0 0 0 0 0 0 0 0 0 0 0 0 0 0 0 0 0 0 0 0 0 0 0 0 0 0 0 0 0 0 0 0 0 0 0 0 0 0 0 0 0 0 0 0 0 0 0 0</float_array>
          <technique_common>
            <accessor source="#upper-body__1__006-mesh-map-0-array" count="1374" stride="2">
              <param name="S" type="float" />
              <param name="T" type="float" />
            </accessor>
          </technique_common>
        </source>
        <vertices id="upper-body__1__006-mesh-vertices">
          <input semantic="POSITION" source="#upper-body__1__006-mesh-positions" />
        </vertices>
        <triangles material="camera_bracket_material-material" count="458">
          <input semantic="VERTEX" source="#upper-body__1__006-mesh-vertices" offset="0" />
          <input semantic="NORMAL" source="#upper-body__1__006-mesh-normals" offset="1" />
          <input semantic="TEXCOORD" source="#upper-body__1__006-mesh-map-0" offset="2" set="0" />
          <p>6 0 0 212 1 1 8 2 2 6 0 3 5 3 4 2 4 5 7 5 6 6 0 7 8 2 8 8 2 9 9 6 10 7 5 11 9 6 12 8 2 13 0 7 14 49 8 15 10 9 16 11 10 17 21 11 18 19 12 19 18 13 20 23 14 21 20 15 22 21 11 23 25 16 24 23 14 25 24 17 26 26 18 27 30 19 28 50 20 29 27 21 30 30 19 31 26 18 32 31 22 33 28 23 34 29 24 35 33 25 36 31 22 37 29 24 38 34 26 39 33 25 40 32 27 41 34 26 42 32 27 43 35 28 44 36 29 45 37 30 46 35 28 47 41 31 48 40 32 49 39 33 50 42 34 51 39 33 52 43 35 53 45 36 54 44 37 55 43 35 56 46 38 57 47 39 58 48 40 59 48 40 60 47 39 61 49 8 62 49 8 63 11 10 64 48 40 65 51 41 66 26 18 67 50 20 68 51 41 69 50 20 70 54 42 71 54 42 72 50 20 73 52 43 74 53 44 75 55 45 76 54 42 77 60 46 78 58 47 79 59 48 80 60 46 81 59 48 82 61 49 83 61 49 84 59 48 85 63 50 86 63 50 87 62 51 88 61 49 89 62 51 90 64 52 91 61 49 92 65 53 93 64 52 94 66 54 95 65 53 96 66 54 97 67 55 98 67 55 99 66 54 100 68 56 101 70 57 102 69 58 103 68 56 104 71 59 105 73 60 106 70 57 107 72 61 108 74 62 109 73 60 110 76 63 111 74 62 112 75 64 113 75 64 114 81 65 115 77 66 116 78 67 117 79 68 118 81 65 119 80 69 120 82 70 121 81 65 122 82 70 123 83 71 124 155 72 125 84 73 126 85 74 127 86 75 128 91 76 129 88 77 130 90 78 131 92 79 132 85 74 133 84 73 134 96 80 135 95 81 136 97 82 137 98 83 138 14 84 139 16 85 140 99 86 141 106 87 142 100 88 143 105 89 144 103 90 145 106 87 146 107 91 147 108 92 148 101 93 149 110 94 150 109 95 151 112 96 152 118 97 153 117 98 154 119 99 155 119 99 156 120 100 157 118 97 158 120 100 159 121 101 160 122 102 161 117 98 162 123 103 163 121 101 164 124 104 165 115 105 166 126 106 167 125 107 168 126 106 169 127 108 170 128 109 171 116 110 172 125 107 173 114 111 174 129 112 175 111 113 176 130 114 177 131 115 178 17 116 179 134 117 180 207 118 181 133 119 182 147 120 183 148 121 184 152 122 185 149 123 186 147 120 187 150 124 188 151 125 189 150 124 190 145 126 191 145 126 192 152 122 193 151 125 194 157 127 195 153 128 196 154 129 197 158 130 198 157 127 199 156 131 200 162 132 201 161 133 202 160 134 203 167 135 204 168 136 205 166 137 206 169 138 207 166 137 208 168 136 209 171 139 210 170 140 211 169 138 212 171 139 213 169 138 214 173 141 215 173 141 216 169 138 217 172 142 218 172 142 219 174 143 220 173 141 221 174 143 222 175 144 223 173 141 224 177 145 225 175 144 226 176 146 227 178 147 228 176 146 229 179 148 230 180 149 231 181 150 232 178 147 233 182 151 234 184 152 235 183 153 236 187 154 237 189 155 238 185 156 239 190 157 240 191 158 241 192 159 242 191 158 243 193 160 244 192 159 245 193 160 246 194 161 247 195 162 248 197 163 249 199 164 250 200 165 251 201 166 252 199 164 253 202 167 254 208 168 255 207 118 256 134 117 257 210 169 258 208 168 259 209 170 260 210 169 261 209 170 262 211 171 263 71 59 264 72 61 265 73 60 266 70 57 267 73 60 268 140 172 269 198 173 270 197 163 271 200 165 272 136 174 273 203 175 274 10 9 275 2 4 276 0 7 277 1 176 278 1 176 279 4 177 280 2 4 281 0 7 282 2 4 283 3 178 284 5 3 285 3 178 286 2 4 287 38 179 288 37 30 289 36 29 290 135 180 291 43 35 292 39 33 293 6 0 294 7 5 295 5 3 296 3 178 297 9 6 298 0 7 299 206 181 300 205 182 301 204 183 302 164 184 303 163 185 304 165 186 305 157 127 306 142 187 307 139 188 308 98 83 309 33 25 310 35 28 311 135 180 312 15 189 313 13 190 314 13 190 315 15 189 316 24 17 317 21 11 318 18 13 319 16 85 320 17 116 321 208 168 322 134 117 323 209 170 324 17 116 325 131 115 326 21 11 327 20 15 328 19 12 329 23 14 330 22 191 331 20 15 332 25 16 333 22 191 334 23 14 335 25 16 336 24 17 337 18 13 338 19 12 339 25 16 340 18 13 341 28 23 342 30 19 343 27 21 344 29 24 345 32 27 346 33 25 347 32 27 348 36 29 349 35 28 350 38 179 351 36 29 352 40 32 353 36 29 354 39 33 355 40 32 356 41 31 357 39 33 358 42 34 359 42 34 360 43 35 361 44 37 362 46 38 363 45 36 364 43 35 365 53 44 366 54 42 367 52 43 368 55 45 369 57 192 370 54 42 371 56 193 372 57 192 373 55 45 374 58 47 375 57 192 376 56 193 377 67 55 378 68 56 379 69 58 380 76 63 381 75 64 382 77 66 383 75 64 384 78 67 385 81 65 386 80 69 387 81 65 388 79 68 389 82 70 390 80 69 391 83 71 392 146 194 393 157 127 394 138 195 395 155 72 396 150 124 397 84 73 398 93 196 399 94 197 400 140 172 401 95 81 402 85 74 403 93 196 404 87 198 405 84 73 406 86 75 407 86 75 408 88 77 409 87 198 410 89 199 411 87 198 412 88 77 413 86 75 414 96 80 415 94 197 416 88 77 417 91 76 418 89 199 419 90 78 420 92 79 421 91 76 422 92 79 423 90 78 424 85 74 425 103 90 426 100 88 427 107 91 428 126 106 429 115 105 430 118 97 431 127 108 432 131 115 433 114 111 434 102 200 435 99 86 436 100 88 437 101 93 438 108 92 439 102 200 440 108 92 441 99 86 442 102 200 443 117 98 444 124 104 445 119 99 446 125 107 447 111 113 448 129 112 449 100 88 450 103 90 451 102 200 452 103 90 453 104 201 454 102 200 455 105 89 456 104 201 457 103 90 458 99 86 459 105 89 460 106 87 461 107 91 462 109 95 463 108 92 464 110 94 465 108 92 466 109 95 467 117 98 468 121 101 469 110 94 470 110 94 471 111 113 472 117 98 473 110 94 474 112 96 475 113 202 476 113 202 477 112 96 478 123 103 479 124 104 480 116 110 481 115 105 482 119 99 483 121 101 484 120 100 485 123 103 486 122 102 487 121 101 488 118 97 489 123 103 490 117 98 491 125 107 492 124 104 493 126 106 494 127 108 495 128 109 496 125 107 497 128 109 498 115 105 499 116 110 500 114 111 501 131 115 502 129 112 503 130 114 504 129 112 505 131 115 506 133 119 507 211 171 508 132 203 509 132 203 510 134 117 511 133 119 512 130 114 513 135 180 514 207 118 515 207 118 516 210 169 517 130 114 518 138 195 519 136 174 520 137 204 521 137 204 522 139 188 523 138 195 524 148 121 525 149 123 526 141 205 527 143 206 528 144 207 529 151 125 530 151 125 531 152 122 532 143 206 533 145 126 534 146 194 535 152 122 536 146 194 537 147 120 538 152 122 539 147 120 540 149 123 541 148 121 542 151 125 543 149 123 544 150 124 545 145 126 546 150 124 547 153 128 548 153 128 549 155 72 550 154 129 551 83 71 552 154 129 553 155 72 554 156 131 555 159 208 556 158 130 557 156 131 558 160 134 559 159 208 560 159 208 561 160 134 562 161 133 563 160 134 564 165 186 565 162 132 566 162 132 567 165 186 568 163 185 569 165 186 570 166 137 571 164 184 572 166 137 573 165 186 574 167 135 575 169 138 576 170 140 577 166 137 578 176 146 579 178 147 580 177 145 581 180 149 582 178 147 583 179 148 584 183 153 585 178 147 586 181 150 587 182 151 588 183 153 589 181 150 590 185 156 591 183 153 592 184 152 593 186 209 594 185 156 595 184 152 596 187 154 597 185 156 598 186 209 599 188 210 600 189 155 601 187 154 602 190 157 603 189 155 604 188 210 605 192 159 606 189 155 607 190 157 608 195 162 609 192 159 610 193 160 611 196 211 612 195 162 613 194 161 614 200 165 615 195 162 616 196 211 617 198 173 618 200 165 619 196 211 620 202 167 621 203 175 622 201 166 623 202 167 624 206 181 625 203 175 626 203 175 627 206 181 628 204 183 629 206 181 630 10 9 631 205 182 632 210 169 633 207 118 634 208 168 635 209 170 636 132 203 637 211 171 638 6 0 639 2 4 640 4 177 641 4 177 642 12 212 643 6 0 644 12 212 645 212 1 646 6 0 647 212 1 648 1 176 649 8 2 650 1 176 651 0 7 652 8 2 653 140 172 654 135 180 655 57 192 656 135 180 657 26 18 658 54 42 659 57 192 660 135 180 661 54 42 662 26 18 663 51 41 664 54 42 665 87 198 666 89 199 667 140 172 668 155 72 669 84 73 670 82 70 671 84 73 672 87 198 673 82 70 674 58 47 675 60 46 676 61 49 677 140 172 678 57 192 679 61 49 680 57 192 681 58 47 682 61 49 683 82 70 684 87 198 685 140 172 686 81 65 687 82 70 688 140 172 689 64 52 690 65 53 691 67 55 692 140 172 693 61 49 694 64 52 695 77 66 696 81 65 697 140 172 698 74 62 699 76 63 700 77 66 701 73 60 702 74 62 703 140 172 704 74 62 705 77 66 706 140 172 707 140 172 708 64 52 709 67 55 710 67 55 711 69 58 712 70 57 713 67 55 714 70 57 715 140 172 716 10 9 717 49 8 718 7 5 719 49 8 720 5 3 721 7 5 722 204 183 723 205 182 724 10 9 725 199 164 726 201 166 727 203 175 728 203 175 729 204 183 730 10 9 731 10 9 732 7 5 733 9 6 734 200 165 735 199 164 736 136 174 737 199 164 738 203 175 739 136 174 740 195 162 741 200 165 742 136 174 743 195 162 744 136 174 745 192 159 746 192 159 747 136 174 748 189 155 749 183 153 750 185 156 751 136 174 752 185 156 753 189 155 754 136 174 755 178 147 756 183 153 757 138 195 758 175 144 759 177 145 760 178 147 761 170 140 762 171 139 763 173 141 764 173 141 765 175 144 766 178 147 767 173 141 768 178 147 769 138 195 770 183 153 771 136 174 772 138 195 773 170 140 774 173 141 775 138 195 776 163 185 777 164 184 778 162 132 779 164 184 780 166 137 781 162 132 782 159 208 783 161 133 784 162 132 785 157 127 786 158 130 787 159 208 788 138 195 789 157 127 790 159 208 791 25 16 792 19 12 793 135 180 794 3 178 795 25 16 796 136 174 797 25 16 798 135 180 799 136 174 800 138 195 801 159 208 802 162 132 803 162 132 804 166 137 805 138 195 806 166 137 807 170 140 808 138 195 809 9 6 810 3 178 811 136 174 812 10 9 813 9 6 814 136 174 815 5 3 816 49 8 817 22 191 818 49 8 819 47 39 820 22 191 821 47 39 822 46 38 823 20 15 824 22 191 825 47 39 826 20 15 827 25 16 828 3 178 829 5 3 830 22 191 831 25 16 832 5 3 833 19 12 834 20 15 835 46 38 836 28 23 837 27 21 838 26 18 839 29 24 840 28 23 841 135 180 842 28 23 843 26 18 844 135 180 845 135 180 846 19 12 847 46 38 848 135 180 849 46 38 850 43 35 851 39 33 852 36 29 853 135 180 854 36 29 855 32 27 856 135 180 857 32 27 858 29 24 859 135 180 860 175 144 861 174 143 862 172 142 863 172 142 864 169 138 865 139 188 866 169 138 867 168 136 868 139 188 869 168 136 870 167 135 871 165 186 872 160 134 873 156 131 874 139 188 875 156 131 876 157 127 877 139 188 878 168 136 879 165 186 880 139 188 881 165 186 882 160 134 883 139 188 884 175 144 885 172 142 886 139 188 887 179 148 888 176 146 889 175 144 890 181 150 891 180 149 892 179 148 893 184 152 894 182 151 895 181 150 896 187 154 897 186 209 898 184 152 899 190 157 900 188 210 901 187 154 902 193 160 903 191 158 904 190 157 905 196 211 906 194 161 907 193 160 908 197 163 909 198 173 910 199 164 911 198 173 912 196 211 913 199 164 914 206 181 915 202 167 916 137 204 917 202 167 918 199 164 919 137 204 920 193 160 921 190 157 922 137 204 923 190 157 924 187 154 925 137 204 926 199 164 927 196 211 928 137 204 929 196 211 930 193 160 931 137 204 932 10 9 933 206 181 934 137 204 935 12 212 936 11 10 937 10 9 938 137 204 939 1 176 940 212 1 941 212 1 942 12 212 943 10 9 944 187 154 945 184 152 946 137 204 947 184 152 948 181 150 949 137 204 950 137 204 951 212 1 952 10 9 953 142 187 954 141 205 955 139 188 956 93 196 957 144 207 958 154 129 959 144 207 960 143 206 961 154 129 962 95 81 963 93 196 964 83 71 965 58 47 966 56 193 967 55 45 968 59 48 969 58 47 970 55 45 971 97 82 972 95 81 973 80 69 974 93 196 975 154 129 976 83 71 977 143 206 978 142 187 979 157 127 980 154 129 981 143 206 982 157 127 983 59 48 984 55 45 985 97 82 986 64 52 987 62 51 988 63 50 989 63 50 990 59 48 991 97 82 992 64 52 993 63 50 994 97 82 995 66 54 996 64 52 997 97 82 998 68 56 999 66 54 1000 97 82 1001 72 61 1002 71 59 1003 74 62 1004 71 59 1005 70 57 1006 74 62 1007 70 57 1008 68 56 1009 97 82 1010 75 64 1011 74 62 1012 97 82 1013 74 62 1014 70 57 1015 97 82 1016 139 188 1017 137 204 1018 181 150 1019 139 188 1020 181 150 1021 179 148 1022 179 148 1023 175 144 1024 139 188 1025 80 69 1026 79 68 1027 78 67 1028 78 67 1029 75 64 1030 97 82 1031 80 69 1032 78 67 1033 97 82 1034 83 71 1035 80 69 1036 95 81 1037 48 40 1038 11 10 1039 4 177 1040 11 10 1041 12 212 1042 4 177 1043 4 177 1044 13 190 1045 48 40 1046 13 190 1047 14 84 1048 48 40 1049 46 38 1050 48 40 1051 14 84 1052 42 34 1053 44 37 1054 45 36 1055 46 38 1056 14 84 1057 98 83 1058 98 83 1059 97 82 1060 55 45 1061 55 45 1062 53 44 1063 52 43 1064 55 45 1065 52 43 1066 98 83 1067 52 43 1068 50 20 1069 98 83 1070 45 36 1071 46 38 1072 98 83 1073 40 32 1074 41 31 1075 42 34 1076 42 34 1077 45 36 1078 98 83 1079 98 83 1080 50 20 1081 30 19 1082 40 32 1083 42 34 1084 98 83 1085 37 30 1086 38 179 1087 40 32 1088 33 25 1089 34 26 1090 35 28 1091 35 28 1092 37 30 1093 40 32 1094 98 83 1095 30 19 1096 28 23 1097 28 23 1098 31 22 1099 33 25 1100 35 28 1101 40 32 1102 98 83 1103 98 83 1104 28 23 1105 33 25 1106 4 177 1107 1 176 1108 136 174 1109 1 176 1110 137 204 1111 136 174 1112 136 174 1113 135 180 1114 13 190 1115 4 177 1116 136 174 1117 13 190 1118 135 180 1119 130 114 1120 15 189 1121 130 114 1122 17 116 1123 15 189 1124 15 189 1125 18 13 1126 24 17 1127 24 17 1128 23 14 1129 13 190 1130 18 13 1131 15 189 1132 16 85 1133 16 85 1134 14 84 1135 21 11 1136 14 84 1137 13 190 1138 23 14 1139 21 11 1140 14 84 1141 23 14 1142 132 203 1143 16 85 1144 134 117 1145 16 85 1146 15 189 1147 134 117 1148 15 189 1149 17 116 1150 134 117 1151 209 170 1152 208 168 1153 17 116 1154 131 115 1155 132 203 1156 209 170 1157 140 172 1158 89 199 1159 91 76 1160 92 79 1161 84 73 1162 150 124 1163 138 195 1164 140 172 1165 91 76 1166 91 76 1167 92 79 1168 150 124 1169 91 76 1170 150 124 1171 138 195 1172 150 124 1173 147 120 1174 138 195 1175 145 126 1176 153 128 1177 157 127 1178 146 194 1179 145 126 1180 157 127 1181 147 120 1182 146 194 1183 138 195 1184 155 72 1185 153 128 1186 150 124 1187 94 197 1188 107 91 1189 101 93 1190 140 172 1191 138 195 1192 93 196 1193 138 195 1194 139 188 1195 141 205 1196 93 196 1197 138 195 1198 144 207 1199 141 205 1200 144 207 1201 138 195 1202 94 197 1203 101 93 1204 140 172 1205 95 81 1206 96 80 1207 85 74 1208 96 80 1209 86 75 1210 85 74 1211 85 74 1212 90 78 1213 93 196 1214 93 196 1215 90 78 1216 94 197 1217 90 78 1218 88 77 1219 94 197 1220 88 77 1221 86 75 1222 94 197 1223 107 91 1224 94 197 1225 103 90 1226 94 197 1227 96 80 1228 106 87 1229 103 90 1230 94 197 1231 106 87 1232 96 80 1233 97 82 1234 109 95 1235 97 82 1236 98 83 1237 109 95 1238 16 85 1239 132 203 1240 131 115 1241 98 83 1242 16 85 1243 131 115 1244 109 95 1245 98 83 1246 131 115 1247 100 88 1248 106 87 1249 109 95 1250 106 87 1251 96 80 1252 109 95 1253 109 95 1254 107 91 1255 100 88 1256 122 102 1257 123 103 1258 112 96 1259 126 106 1260 118 97 1261 109 95 1262 118 97 1263 120 100 1264 109 95 1265 120 100 1266 122 102 1267 109 95 1268 122 102 1269 112 96 1270 109 95 1271 126 106 1272 109 95 1273 131 115 1274 113 202 1275 115 105 1276 128 109 1277 127 108 1278 126 106 1279 131 115 1280 114 111 1281 113 202 1282 128 109 1283 128 109 1284 127 108 1285 114 111 1286 117 98 1287 116 110 1288 124 104 1289 101 93 1290 102 200 1291 104 201 1292 105 89 1293 99 86 1294 108 92 1295 140 172 1296 101 93 1297 104 201 1298 140 172 1299 104 201 1300 105 89 1301 133 119 1302 207 118 1303 135 180 1304 211 171 1305 133 119 1306 135 180 1307 135 180 1308 140 172 1309 108 92 1310 140 172 1311 105 89 1312 108 92 1313 108 92 1314 110 94 1315 121 101 1316 211 171 1317 135 180 1318 129 112 1319 135 180 1320 108 92 1321 129 112 1322 108 92 1323 121 101 1324 119 99 1325 108 92 1326 119 99 1327 124 104 1328 210 169 1329 211 171 1330 129 112 1331 129 112 1332 130 114 1333 210 169 1334 116 110 1335 117 98 1336 111 113 1337 108 92 1338 124 104 1339 129 112 1340 124 104 1341 125 107 1342 129 112 1343 125 107 1344 116 110 1345 111 113 1346 114 111 1347 111 113 1348 113 202 1349 111 113 1350 110 94 1351 113 202 1352 123 103 1353 118 97 1354 113 202 1355 118 97 1356 115 105 1357 113 202 1358 149 123 1359 151 125 1360 144 207 1361 142 187 1362 143 206 1363 152 122 1364 142 187 1365 152 122 1366 148 121 1367 149 123 1368 144 207 1369 141 205 1370 141 205 1371 142 187 1372 148 121 1373</p>
        </triangles>
      </mesh>
    </geometry>
    <geometry id="upper-body__1__005-mesh" name="upper-body (1).005">
      <mesh>
        <source id="upper-body__1__005-mesh-positions">
          <float_array id="upper-body__1__005-mesh-positions-array" count="984">0.08255064 0.05456155 0.08644747 0.08255064 0.05456155 0.08444744 0.08255064 0.05206155 0.08644747 0.02480041 0.05206149 0.09969449 0.02480041 0.05456155 0.09969604 -0.0546993 0.05206149 0.09969747 -0.0546993 0.05456149 0.09969747 -0.0546993 0.05206149 0.08444744 -0.0546993 0.05456149 0.08444744 -0.1044493 0.05456149 0.08444744 -0.1044493 -0.05443847 0.08444744 -0.1044493 -0.05443847 0.08144748 -0.07344931 0.05456149 0.08144748 -0.1044493 0.05456149 0.08144748 -0.07344931 6.15157e-5 0.08144748 -0.07344925 -0.05443847 0.08144748 -0.07344925 -0.05443847 0.07444745 -0.05470228 -0.05443847 0.07444745 -0.07344925 -0.05193847 0.07444745 -0.05470228 -0.05193847 0.07444745 -0.07344925 -0.05193847 0.04444748 -0.04745227 -0.05193847 0.04444748 -0.04745227 -0.03793644 0.04444748 -0.04745227 -0.05193847 0.06445044 -0.04745227 -0.03793847 0.06445044 -0.02919727 -0.05193847 0.06445044 -0.02919727 -0.05193847 0.05995047 -0.02919828 -0.04743844 0.06445044 -0.02919727 -0.04743844 0.05995047 -0.01094728 -0.04743844 0.05995047 -0.01094728 -0.05193841 0.05995047 -0.01094728 -0.05193841 0.04994547 -0.01094824 -0.04743844 0.04994547 -0.01095074 -0.04743993 0.04645025 -0.01094925 -0.03593844 0.04994744 -0.01095139 -0.03593844 0.04644924 -0.01095223 -0.04744142 0.04444748 0.0155487 -0.04844141 0.04444748 -0.01095229 -0.02893644 0.04444748 0.006553709 -0.04744142 0.04444748 0.006553709 -0.02893644 0.04444748 0.006551444 -0.0474404 0.04644858 -0.01095229 -0.02893644 0.04644745 0.004520118 -0.0141412 0.04644745 0.005376696 -0.01366841 0.04644745 0.005930662 -0.01311445 0.04644745 0.006403446 -0.01225781 0.04644745 0.006550669 -0.01128846 0.04644745 0.006403446 -0.01031905 0.04644745 0.005930662 -0.009462416 0.04644745 0.005376696 -0.00890845 0.04644745 0.004520058 -0.008435666 0.04644745 0.003550648 -0.008288443 0.04644745 0.002581298 -0.008435666 0.04644745 0.00172466 -0.00890845 0.04644745 0.001170694 -0.009462416 0.04644745 6.99099e-4 -0.01031625 0.04644745 5.53697e-4 -0.01124322 0.04644745 5.53697e-4 -0.008536458 0.04644745 5.53697e-4 -0.01124322 0.04695045 6.99098e-4 -0.01226061 0.04644745 0.001170694 -0.01311445 0.04644745 0.00172466 -0.01366841 0.04644745 0.002581238 -0.0141412 0.04644745 0.003550648 -0.01428842 0.04644745 5.53697e-4 -0.01404142 0.04444748 0.008548676 -0.02769142 0.04444748 0.008548676 -0.02769142 0.04644745 0.07405364 -0.02769142 0.04644745 0.07405364 0.01031351 0.04444748 0.07405364 0.01031351 0.04644745 0.05479866 0.04706454 0.04644745 0.05479866 0.02330851 0.04644745 0.05479866 0.04706454 0.04444748 -0.01469731 0.05206149 0.04444748 0.05479866 0.02330851 0.04444748 0.08055365 0.04706454 0.04444748 0.08055365 0.02330851 0.04444748 0.08055126 0.04706454 0.04644972 0.0805515 0.02330851 0.04644876 0.08055067 -0.04993844 0.04644745 0.006550669 -0.04993844 0.04644745 0.08055067 -0.04993844 0.08444744 0.006550669 -0.04993844 0.08444744 0.08055067 0.05006152 0.08444744 -0.07144927 0.05006152 0.08444744 0.08055067 0.05006152 0.04644745 -0.01469731 0.05006152 0.04644745 -0.01469731 0.05006152 0.04995048 -0.01469731 0.04705953 0.04644745 -0.02770227 0.04705953 0.04644745 -0.01469731 0.04705953 0.04444748 -0.02770227 0.04705953 0.04444748 -0.02770227 0.05206149 0.04444748 -0.07344931 0.05206149 0.04444748 -0.02770227 0.05206149 0.04995048 -0.03745228 0.05206149 0.05144548 -0.03745228 0.05006152 0.05144548 -0.02944731 0.05206149 0.05144548 -0.03745228 0.05206149 0.05445045 -0.02944731 0.05206149 0.05445045 -0.03745228 0.05006152 0.05445045 -0.02944731 0.05006152 0.05445045 -0.02944731 0.05006152 0.05144548 -0.02770227 0.05006152 0.04644745 -0.02770227 0.05006152 0.04995048 -0.07144927 0.05006152 0.04644745 -0.07144927 -0.04993844 0.04644745 -0.05594927 -0.04993844 0.04644745 -0.07144927 -0.04993844 0.08444744 -0.05594927 -0.04993844 0.08444744 -0.05594927 -0.03793847 0.08444744 -0.05582427 -0.03793847 0.04644745 -0.05320227 -0.03793847 0.08444744 -0.05320227 -0.03793847 0.06694549 -0.05320227 -0.05193644 0.08444744 -0.05470228 -0.05193644 0.08444744 -0.05320227 -0.05193644 0.06694549 -0.05470228 -0.05193787 0.06694549 -0.03069728 -0.05193763 0.06694549 -0.03069728 -0.05193847 0.07444745 -0.03219723 -0.05193644 0.06694549 -0.03069728 -0.05193829 0.08444744 -0.03219723 -0.05193644 0.08444744 -0.03069728 -0.05193847 0.09969747 0.02480036 -0.05193847 0.09969526 -0.03069728 -0.05443847 0.09969747 -0.03069728 -0.05443847 0.07444745 0.0825507 -0.05193841 0.08644747 0.0825507 -0.05443841 0.08644747 0.0825507 -0.05443841 0.08444744 0.09555071 -0.03493839 0.08444744 0.0825507 -0.05443841 0.08144748 0.09555071 -0.03493839 0.08144748 0.0825507 -0.05443841 0.07444745 0.08256965 -0.02826541 0.08144748 0.082677 -0.02874767 0.08144748 0.08256965 -0.02826541 0.08444744 0.082677 -0.02874767 0.08444744 0.08254867 -0.02793842 0.08444744 0.08255106 -0.02791756 0.08144545 0.08259063 -0.02745163 0.08144748 0.08259063 -0.02745163 0.08444744 0.08294945 -0.02653121 0.08444744 0.08294945 -0.02653121 0.08144748 0.08379811 -0.02575612 0.08444744 0.08379811 -0.02575612 0.08144748 0.08456373 -0.02547842 0.08444744 0.08456373 -0.02547842 0.08144748 0.08554685 -0.02545857 0.08144748 0.08554685 -0.02545857 0.08444744 0.08658909 -0.02594691 0.08444744 0.08658909 -0.02594691 0.08144748 0.08723306 -0.02668589 0.08444744 0.08754646 -0.02761399 0.08444744 0.08723306 -0.02668589 0.08144748 0.08754646 -0.02761399 0.08144748 0.0875101 -0.02842795 0.08444744 0.0875101 -0.02842795 0.08144748 0.08723306 -0.02919095 0.08144748 0.08723306 -0.02919095 0.08444744 0.08645796 -0.03003954 0.08444744 0.08645796 -0.03003954 0.08144748 0.08537501 -0.03043419 0.08144748 0.08537501 -0.03043419 0.08444744 0.08456099 -0.03039777 0.08444744 0.08456099 -0.03039777 0.08144748 0.08379811 -0.03012073 0.08444744 0.08379811 -0.03012073 0.08144748 0.08305913 -0.02947676 0.08144748 0.08305913 -0.02947676 0.08444744 0.08553755 0.0256015 0.08444744 0.08553755 0.0256015 0.08144748 0.08645784 0.02596032 0.08444744 0.08645784 0.02596032 0.08144748 0.08723294 0.02680891 0.08144748 0.08723294 0.02680891 0.08444744 0.08754646 0.02773731 0.08144748 0.08754646 0.02773731 0.08444744 0.08751004 0.02855116 0.08144748 0.08751004 0.02855116 0.08444744 0.08723294 0.02931421 0.08444744 0.08723294 0.02931421 0.08144748 0.08645784 0.03016275 0.08444744 0.08645784 0.03016275 0.08144748 0.08537495 0.03055733 0.08444744 0.08537495 0.03055733 0.08144748 0.08456099 0.03052091 0.08144748 0.08456099 0.03052091 0.08444744 0.08379811 0.03024387 0.08444744 0.08379811 0.03024387 0.08144748 0.08294951 0.02946883 0.08444744 0.08294951 0.02946883 0.08144748 0.08259069 0.02854865 0.08144748 0.08259069 0.02854865 0.08444744 0.08254867 0.02806156 0.08444744 0.08256965 0.02773451 0.08444744 0.08256965 0.02773451 0.08144748 0.08278077 0.02694708 0.08444744 0.0835123 0.02606999 0.08444744 0.08278077 0.02694708 0.08144748 0.0835123 0.02606999 0.08144748 0.08455455 0.02558165 0.08444744 0.08455455 0.02558165 0.08144748 0.08255106 0.02808237 0.08144545 0.08255064 0.05456155 0.08144748 0.09555065 0.03506153 0.08144748 0.09555065 0.03506153 0.08444744 0.08255064 0.05206155 0.08444744 0.08255064 0.05456155 0.07444745 0.08255064 0.05206155 0.07444745 -0.07344931 0.05456149 0.07444745 -0.07344931 0.05206149 0.07444745 0.08255064 0.05206155 0.04444748 0.0825507 -0.05193841 0.04444748 0.08055067 -0.05193841 0.04444748 0.0825507 -0.05193841 0.07444745 0.08055067 -0.04993844 0.04444748 0.08055067 0.02330851 0.04444748 -0.01294726 -0.05193841 0.04444748 -0.01294726 -0.05193841 0.04994547 -0.01294726 -0.03793644 0.04444748 -0.01294726 -0.03793644 0.04994547 0.07755368 -0.04844141 0.04444748 0.0155487 -0.04844141 0.04644745 0.0155487 -0.04168641 0.04444748 0.07755368 -0.04168641 0.04444748 0.0155487 -0.04168641 0.04644745 0.07755368 -0.04168641 0.04644745 0.07405364 -0.02769142 0.04444748 0.006553709 -0.02893644 0.04644745 0.07755368 -0.04844141 0.04644745 0.0825507 -0.05193841 0.08444744 0.02480041 -0.05443847 0.09969657 -0.03219723 -0.03793847 0.08444744 -0.02919924 -0.03793847 0.08444744 -0.03219723 -0.03793847 0.06694549 -0.02919924 -0.04743844 0.08444744 -0.02919924 -0.03793847 0.06445044 0.006550669 -0.04743844 0.08444744 -0.05470228 -0.05443847 0.08444744 -0.05569928 -0.03593844 0.04644745 -0.05569928 -0.03793847 0.04994744 -0.05569928 -0.03593844 0.04994744 -0.04745227 -0.0379371 0.04994744 -0.01094925 -0.03793644 0.04994648 -0.0519523 -0.02894145 0.04644745 -0.01844727 -0.02894145 0.04644745 -0.0519523 -0.02894145 0.04444748 -0.0519523 -0.01443648 0.04644745 -0.01844727 -0.01443642 0.04644745 -0.0519523 -0.01443648 0.04444748 -0.0463643 -0.01248043 0.04644745 -0.0462023 -0.01258814 0.04644745 -0.01844727 -0.01443642 0.04444748 -0.01344728 -6.56468e-4 0.04444748 -0.06945228 -6.56487e-4 0.04444748 -0.01344728 -6.56468e-4 0.04644745 -0.01344728 0.01677948 0.04444748 -0.01344728 0.01677948 0.04644745 -0.0369473 0.04395949 0.04444748 -0.04245227 0.04395949 0.04444748 -0.0369473 0.04946452 0.04444748 -0.0369473 0.04395949 0.04644745 -0.04245227 0.04395949 0.04644745 -0.0369473 0.04946452 0.04644745 -0.04245227 0.04946452 0.04644745 -0.04245227 0.04675674 0.04644745 -0.04245227 0.04946452 0.04444748 -0.04259771 0.04768365 0.04644745 -0.04245227 0.04666626 0.04644745 -0.04259771 0.04573929 0.04644745 -0.0430693 0.04488551 0.04644745 -0.04362326 0.04433149 0.04644745 -0.0444774 0.04385977 0.04644745 -0.04544234 0.04371106 0.04644745 -0.04641872 0.04385876 0.04644745 -0.0472753 0.04433149 0.04644745 -0.04782927 0.04488551 0.04644745 -0.04830205 0.04574209 0.04644745 -0.04844927 0.0467115 0.04644745 -0.04830205 0.04768091 0.04644745 -0.04782927 0.04853749 0.04644745 -0.0472753 0.04909151 0.04644745 -0.04641872 0.04956424 0.04644745 -0.04544931 0.04971152 0.04644745 -0.04447984 0.04956424 0.04644745 -0.04362332 0.04909151 0.04644745 -0.0430693 0.04853749 0.04644745 -0.06945228 0.01677948 0.04644745 -0.06945228 0.01677948 0.04444748 -0.06945228 -6.56487e-4 0.04644745 0.008548676 0.01031351 0.04444748 -0.01844727 -0.02894145 0.04444748 -0.01469731 0.05206149 0.04995048 0.05479866 0.01031351 0.04644745 0.008548676 0.01031351 0.04644745 5.53697e-4 -0.008536458 0.04444748 -0.004952251 -0.008536458 0.04444748 -0.004952251 -0.01404142 0.04444748 5.53697e-4 -0.01404142 0.04644745 5.53697e-4 -0.01133364 0.04644745 -0.004952251 -0.01404142 0.04644745 -0.004952251 -0.008536458 0.04644745 0.02806174 0.05206149 0.09124523 0.02809023 0.05206149 0.09055954 0.02809023 0.05456155 0.09055954 0.02847027 0.05206155 0.08986705 0.02847027 0.05456155 0.08986705 0.02916282 0.05456155 0.08948701 0.02916282 0.05206149 0.08948701 0.02984839 0.05206149 0.08945858 0.02984839 0.05456155 0.08945858 0.03063106 0.05206155 0.08986711 0.03063106 0.05456149 0.08986711 0.03101015 0.05206155 0.09055674 0.03101015 0.05456155 0.09055674 0.03104043 0.05206155 0.09124177 0.03104043 0.05456155 0.09124177 0.03075093 0.05206155 0.09186506 0.03075093 0.05456155 0.09186506 0.03022557 0.05206155 0.0923075 0.03022557 0.05456155 0.0923075 0.02935403 0.05456155 0.09246313 0.02935403 0.05206155 0.09246313 0.02847027 0.05456155 0.0920279 0.02847027 0.05206155 0.0920279 0.02806174 0.05456155 0.09124523</float_array>
          <technique_common>
            <accessor source="#upper-body__1__005-mesh-positions-array" count="328" stride="3">
              <param name="X" type="float" />
              <param name="Y" type="float" />
              <param name="Z" type="float" />
            </accessor>
          </technique_common>
        </source>
        <source id="upper-body__1__005-mesh-normals">
          <float_array id="upper-body__1__005-mesh-normals-array" count="906">0.5786879 0.8069318 0.118243 0.6314686 -0.5901151 0.5030027 0.3015127 -0.3015133 0.904533 0.08224844 0.6824101 0.7263275 -1.64228e-5 1 -1.03397e-5 -1.74625e-6 1 0 0.08221101 -0.6828396 0.7259281 0.6314546 0.5901194 0.5030151 -0.3015109 -0.3014945 0.9045398 -0.577334 0.5773472 0.5773696 -0.3015176 0.9045346 0.3015035 -0.9045325 -0.301503 -0.3015246 0.5773602 -0.5773299 -0.5773608 -0.57735 -0.5773503 -0.5773504 -3.26537e-5 0.7070506 -0.707163 -0.577336 -0.5773688 -0.5773461 -0.3015511 -0.9045577 -0.3014006 1.10518e-4 0.7073739 0.7068396 1.52108e-4 0.7073258 0.7068877 -0.3014639 0.9045485 -0.3015158 -0.3015188 -0.9045291 -0.301519 -0.3014908 -0.9045505 0.3014827 0.3015139 -0.3015131 -0.9045326 -0.301513 0.301514 -0.9045326 -0.301501 -0.3015202 -0.9045345 0.3012787 0.3012928 -0.9046844 0.7071128 0.7071002 -9.22709e-4 -0.3015075 -0.3014705 -0.904549 -0.3015092 -0.3014663 0.9045498 -0.3015528 0.3015017 0.9045234 0.3015198 0.3015189 -0.9045287 0.3015186 0.3015186 0.9045292 0.3015112 -0.3015055 0.9045361 0.3015075 -0.3015124 -0.904535 -0.301513 -0.30151 -0.9045341 -0.3014337 -0.301203 -0.9046627 -0.90466 -0.3015522 0.3010926 0.3015084 -0.3015128 -0.9045346 0.3015106 -0.3015079 0.9045355 0.3015146 0.3015105 -0.9045332 -0.9045858 0.3017061 0.3011611 -0.3015148 -0.3014996 0.9045369 0.3015195 0.3015145 -0.9045304 -0.3015136 0.3015118 0.9045332 -0.3015172 0.3015129 -0.9045317 0.3015066 0.9045354 -0.3015121 0.3015125 -0.9045343 -0.3015093 0.9045346 -0.3015061 0.3015149 0.3015174 -0.9045315 -0.301513 0.3015171 0.9045354 0.3015016 0.3015113 0.9045385 -0.3014983 -0.3015147 -0.9045369 0.3014996 0.3015151 -0.9045317 0.301515 -0.3015122 -0.9045373 -0.3015007 -0.3015191 0.9045304 -0.3015147 -0.3015121 0.904534 0.3015109 -0.3015116 0.9045334 -0.3015132 2.20486e-4 -1 1.49686e-4 0.5773476 -0.5773252 0.5773781 0.3015553 -0.3014999 0.9045233 -0.5776864 -0.5769649 0.5773994 -4.98613e-4 -1 1.83103e-4 -0.7074664 -1.3173e-5 0.706747 -0.5773432 0.5773438 0.5773639 -0.5773425 -0.5773513 0.5773571 0.08225893 -0.6824308 0.7263069 0.6314577 -0.5901343 0.5029938 0.3015245 0.3014957 0.9045349 0.6314457 0.5901461 0.5029948 0.0822224 0.6828207 0.7259445 0.5786684 -0.806949 -0.1182215 0.7295345 -0.2208839 0.6472942 0.5786795 -0.8069379 0.1182423 0.7295109 0.2208786 0.6473226 7.43551e-6 -3.31675e-7 1 3.3442e-6 0 1 0.5786676 0.806948 -0.1182327 0 -0.707113 -0.7071006 0.7506592 0 -0.6606897 -2.4901e-7 0.7071216 -0.707092 -0.3014971 -0.3015119 -0.9045386 -0.5773388 -0.5773687 0.5773434 -0.3036855 -0.9102362 0.2815053 -0.3015275 0.9045262 0.3015189 -0.5773602 0.57736 0.5773307 -0.3014951 0.301514 0.9045386 0.3014971 0.3015162 -0.9045373 0.3015478 0.3014844 0.904531 0.3015429 -0.3014946 0.9045291 -0.301544 -0.3015248 0.9045186 -0.3015089 0.3015087 -0.9045358 -0.3013554 0.3142703 0.9002329 -0.3013626 0.9034456 0.3049046 -0.577354 0.5773629 0.577334 -0.3015156 0.3016309 0.9044929 0.301513 0.3015182 -0.9045313 0.3015087 0.3015085 0.9045358 0.3015143 -0.3015145 0.904532 0.3015141 -0.301519 -0.9045305 -0.3015107 -0.3015157 0.9045329 -0.3015201 0.3015175 0.9045292 -0.3015158 -0.3015136 -0.9045318 -0.3015176 0.301522 -0.9045284 -0.3015143 -0.3015192 0.9045305 0.3015057 -0.3015103 -0.9045363 -0.301519 0.3015029 -0.9045343 1.64386e-7 0.3162144 0.9486877 -0.3015035 0.3015187 0.9045342 -0.3014948 -0.3015117 -0.9045394 6.41959e-7 -0.3162153 -0.9486876 -0.3015146 -0.3014999 0.9045369 8.50726e-7 -0.3162287 0.9486831 0.3015087 -0.3015064 0.9045366 0.3015118 0.3015089 -0.9045347 -0.3015111 -0.3015111 -0.9045342 -2.12398e-6 -0.3162143 0.9486879 0.3015197 -0.3015038 -0.9045338 0 -0.3162299 -0.9486827 4.28213e-7 0.3162124 -0.9486885 0.3015137 0.3014984 0.9045376 0 0.3162285 0.9486831 0.3015038 -0.3015196 0.9045338 0.3015002 0.3015161 -0.9045362 4.31322e-7 -1 4.0434e-6 0 -1 1.4811e-5 0 -1 -7.95587e-7 -9.03669e-7 -1 -3.14264e-5 -0.5773404 -0.5773484 0.5773621 0.5773724 0.5773488 0.5773297 -0.5774703 0.5774502 0.5771303 -0.3015149 0.3015007 0.9045364 -1.38141e-6 1 -8.78597e-6 -2.46417e-6 1 -1.02921e-6 0.3015135 0.3015126 0.9045329 -0.5773665 0.5773665 0.5773177 -0.5773478 -0.5773553 0.5773479 0.4246252 0.02695965 0.9049677 0.4311203 0.02768552 0.9018696 -0.577355 -0.577348 -0.5773478 -0.301499 -0.9045412 -0.3015025 -0.5773645 0.5773633 -0.577323 -0.3014973 0.9045383 -0.3015129 -0.707102 -1.28184e-7 -0.7071116 -0.5773522 -0.5773728 -0.5773258 0.9045156 -0.3015274 -0.3015506 0.3015184 -0.904578 -0.3013726 0.5773388 -0.577347 -0.5773652 0.3014926 -0.3015077 -0.9045416 0.7070709 7.72363e-6 0.7071427 0.3015147 0.9045381 -0.3014959 0.5773085 0.5773954 -0.577347 -0.5772809 0.5773607 -0.5774093 0.9045782 0.3017711 0.3011187 0.5775204 0.5771856 0.5773447 0.7072612 -2.93326e-4 0.7069523 0.3014994 -0.3014854 -0.9045466 0.301561 -0.3013977 0.9045554 -0.3013074 0.3011881 -0.9047097 1.77251e-6 0 1 -3.00115e-6 0 1 -0.3016099 -0.3015158 0.9044997 2.51162e-7 -0.7071068 0.7071068 0.3015041 0.3015162 0.9045348 0.5773588 0.5773707 -0.5773214 -0.3014428 0.3012362 -0.9046487 0.3015139 0.3014988 0.9045374 -0.5773556 0.5773438 0.5773515 0.57744 0.5771601 0.5774509 0.3015123 0.3015142 0.9045329 -0.3015148 -0.904532 -0.3015143 -0.9045333 -0.3015108 0.3015143 0.3015154 0.3015168 0.9045309 0.57738 0.5773571 -0.5773138 -0.5773684 -0.5773383 -0.5773441 -0.5773867 0.5773403 -0.5773239 -0.9045351 0.3015033 -0.3015164 0.3015 -0.3015222 0.9045342 0.5773744 -0.5773499 0.5773266 0.5773336 0.5773357 0.5773816 -0.5749439 0.5798169 0.5772798 0.3018339 -0.3015336 0.904419 0.3015134 0.9045326 0.3015136 0.5773503 -0.5773671 0.5773335 -0.9045345 -0.3015114 -0.30151 -0.3017748 -0.3015336 0.9044389 0.7295114 -0.2208783 -0.6473221 0.4311017 0.02770972 0.9018778 0.9994078 0.0179575 -0.02935516 0.4945483 0.02200007 -0.8688717 0.9045323 0.3015096 -0.3015186 0.4291102 0.02721816 0.9028421 0.4998563 0.02210485 -0.8658264 0.9994098 0.01791518 -0.02931278 3.54583e-7 0 -1 0 0 -1 8.41143e-6 0 -1 3.96212e-6 0 -1 0.729519 0.220879 -0.6473133 -0.5773611 0.5773234 -0.5773663 0.5773614 0.5773277 -0.5773618 0.5773573 -0.5773307 -0.5773629 -0.5773433 -0.5773417 -0.5773658 0.5773258 0.5773571 0.577368 0.5773415 0.577366 0.5773433 -0.6945128 0.03392177 0.7186803 -0.3015133 0.3015132 -0.9045328 0.3015127 0.3015187 0.9045311 0 0.316229 -0.9486829 0 0 1 -6.22666e-6 1 -1.2197e-5 -1.4535e-6 1 -1.76448e-6 -0.3015086 0.3015199 0.9045321 -0.5772651 -0.5772152 0.5775704 3.30919e-6 3.20236e-7 1 7.5822e-6 3.7669e-7 1 -2.97603e-6 0 1 -5.47504e-6 0 1 6.375e-6 0 1 -9.45655e-6 0 1 0 0 1 -0.5773702 0.5773361 -0.5773447 3.15568e-6 -1 0 2.79059e-7 -1 -1.46294e-6 7.93183e-7 -1 1.2544e-5 1.86398e-7 -1 -3.52118e-6 2.96366e-7 -1 -3.57507e-6 1.21529e-6 -1 0 4.90483e-7 -1 0 0 -1 -1.8285e-5 -7.3143e-7 1 1.13882e-5 -1.79743e-7 1 1.45276e-6 -6.19833e-7 1 -4.47304e-6 -3.30457e-6 1 -3.57129e-5 3.57185e-6 1 1.85683e-5 -2.87561e-6 1 -5.39025e-5 0 5.06597e-6 1 -1.60284e-6 3.31728e-7 1 1.77757e-6 4.03517e-7 1 -7.2773e-6 3.66369e-7 1 -5.44129e-6 0 1 -6.75095e-7 -3.76657e-7 1 0 3.37919e-7 1 1.44334e-6 -7.58898e-7 1 5.94919e-7 -5.43778e-7 1 0 2.91325e-7 1 -1.06012e-4 -6.74012e-6 1 0 -3.66368e-7 1 0 -3.39183e-7 1 0 -3.04511e-7 1 6.36724e-6 0 1 1.31737e-5 0 1 2.18901e-5 0 1 0 0 1 -3.21934e-5 0 1 6.43215e-5 0 1 -3.62279e-4 0 1 -5.84813e-5 3.72784e-6 1 0.5773492 -0.577347 -0.5773546 0.9045323 -0.3015124 -0.3015157 -2.97354e-6 0 1 0.04341953 6.72408e-5 -0.9990569 -1.31777e-6 0 -1 -3.11631e-6 0 -1 0 0 -1 -5.49795e-6 0 -1 -1.12699e-5 0 -1 -4.47952e-6 0 -1 -2.9144e-6 0 -1 0.0446186 1.69148e-5 -0.9990041 3.69344e-5 0 -1 1.33009e-5 0 -1 -8.11447e-6 0 -1 -8.54869e-6 0 -1 -4.8807e-6 0 -1 -5.52918e-6 0 -1 8.07809e-6 0 -1 6.1112e-7 0 -1 0 0 -1 1.88427e-5 0 -1 2.96658e-6 0 -1 1.48962e-5 0 -1 4.59914e-7 0 1 -2.8352e-6 0 1 1.36254e-7 0 1 7.11429e-7 0 1 -1.84871e-5 0 1 -1.66508e-5 0 1 -6.22923e-6 0 1 -1.35902e-6 0 1 -3.85805e-6 0 1 1.84886e-5 0 1 1.53839e-5 0 1 1.37857e-6 0 1 2.3363e-6 0 1 -2.32876e-6 0 1 0 0 1 6.02303e-7 0 1 3.7584e-5 0 1 2.03852e-6 0 1 -2.64473e-7 0 1 1.95981e-7 0 1 0 0 1</float_array>
          <technique_common>
            <accessor source="#upper-body__1__005-mesh-normals-array" count="302" stride="3">
              <param name="X" type="float" />
              <param name="Y" type="float" />
              <param name="Z" type="float" />
            </accessor>
          </technique_common>
        </source>
        <source id="upper-body__1__005-mesh-map-0">
          <float_array id="upper-body__1__005-mesh-map-0-array" count="3396">0 0 0 0 0 0 0 0 0 0 0 0 0 0 0 0 0 0 0 0 0 0 0 0 0 0 0 0 0 0 0 0 0 0 0 0 0 0 0 0 0 0 0 0 0 0 0 0 0 0 0 0 0 0 0 0 0 0 0 0 0 0 0 0 0 0 0 0 0 0 0 0 0 0 0 0 0 0 0 0 0 0 0 0 0 0 0 0 0 0 0 0 0 0 0 0 0 0 0 0 0 0 0 0 0 0 0 0 0 0 0 0 0 0 0 0 0 0 0 0 0 0 0 0 0 0 0 0 0 0 0 0 0 0 0 0 0 0 0 0 0 0 0 0 0 0 0 0 0 0 0 0 0 0 0 0 0 0 0 0 0 0 0 0 0 0 0 0 0 0 0 0 0 0 0 0 0 0 0 0 0 0 0 0 0 0 0 0 0 0 0 0 0 0 0 0 0 0 0 0 0 0 0 0 0 0 0 0 0 0 0 0 0 0 0 0 0 0 0 0 0 0 0 0 0 0 0 0 0 0 0 0 0 0 0 0 0 0 0 0 0 0 0 0 0 0 0 0 0 0 0 0 0 0 0 0 0 0 0 0 0 0 0 0 0 0 0 0 0 0 0 0 0 0 0 0 0 0 0 0 0 0 0 0 0 0 0 0 0 0 0 0 0 0 0 0 0 0 0 0 0 0 0 0 0 0 0 0 0 0 0 0 0 0 0 0 0 0 0 0 0 0 0 0 0 0 0 0 0 0 0 0 0 0 0 0 0 0 0 0 0 0 0 0 0 0 0 0 0 0 0 0 0 0 0 0 0 0 0 0 0 0 0 0 0 0 0 0 0 0 0 0 0 0 0 0 0 0 0 0 0 0 0 0 0 0 0 0 0 0 0 0 0 0 0 0 0 0 0 0 0 0 0 0 0 0 0 0 0 0 0 0 0 0 0 0 0 0 0 0 0 0 0 0 0 0 0 0 0 0 0 0 0 0 0 0 0 0 0 0 0 0 0 0 0 0 0 0 0 0 0 0 0 0 0 0 0 0 0 0 0 0 0 0 0 0 0 0 0 0 0 0 0 0 0 0 0 0 0 0 0 0 0 0 0 0 0 0 0 0 0 0 0 0 0 0 0 0 0 0 0 0 0 0 0 0 0 0 0 0 0 0 0 0 0 0 0 0 0 0 0 0 0 0 0 0 0 0 0 0 0 0 0 0 0 0 0 0 0 0 0 0 0 0 0 0 0 0 0 0 0 0 0 0 0 0 0 0 0 0 0 0 0 0 0 0 0 0 0 0 0 0 0 0 0 0 0 0 0 0 0 0 0 0 0 0 0 0 0 0 0 0 0 0 0 0 0 0 0 0 0 0 0 0 0 0 0 0 0 0 0 0 0 0 0 0 0 0 0 0 0 0 0 0 0 0 0 0 0 0 0 0 0 0 0 0 0 0 0 0 0 0 0 0 0 0 0 0 0 0 0 0 0 0 0 0 0 0 0 0 0 0 0 0 0 0 0 0 0 0 0 0 0 0 0 0 0 0 0 0 0 0 0 0 0 0 0 0 0 0 0 0 0 0 0 0 0 0 0 0 0 0 0 0 0 0 0 0 0 0 0 0 0 0 0 0 0 0 0 0 0 0 0 0 0 0 0 0 0 0 0 0 0 0 0 0 0 0 0 0 0 0 0 0 0 0 0 0 0 0 0 0 0 0 0 0 0 0 0 0 0 0 0 0 0 0 0 0 0 0 0 0 0 0 0 0 0 0 0 0 0 0 0 0 0 0 0 0 0 0 0 0 0 0 0 0 0 0 0 0 0 0 0 0 0 0 0 0 0 0 0 0 0 0 0 0 0 0 0 0 0 0 0 0 0 0 0 0 0 0 0 0 0 0 0 0 0 0 0 0 0 0 0 0 0 0 0 0 0 0 0 0 0 0 0 0 0 0 0 0 0 0 0 0 0 0 0 0 0 0 0 0 0 0 0 0 0 0 0 0 0 0 0 0 0 0 0 0 0 0 0 0 0 0 0 0 0 0 0 0 0 0 0 0 0 0 0 0 0 0 0 0 0 0 0 0 0 0 0 0 0 0 0 0 0 0 0 0 0 0 0 0 0 0 0 0 0 0 0 0 0 0 0 0 0 0 0 0 0 0 0 0 0 0 0 0 0 0 0 0 0 0 0 0 0 0 0 0 0 0 0 0 0 0 0 0 0 0 0 0 0 0 0 0 0 0 0 0 0 0 0 0 0 0 0 0 0 0 0 0 0 0 0 0 0 0 0 0 0 0 0 0 0 0 0 0 0 0 0 0 0 0 0 0 0 0 0 0 0 0 0 0 0 0 0 0 0 0 0 0 0 0 0 0 0 0 0 0 0 0 0 0 0 0 0 0 0 0 0 0 0 0 0 0 0 0 0 0 0 0 0 0 0 0 0 0 0 0 0 0 0 0 0 0 0 0 0 0 0 0 0 0 0 0 0 0 0 0 0 0 0 0 0 0 0 0 0 0 0 0 0 0 0 0 0 0 0 0 0 0 0 0 0 0 0 0 0 0 0 0 0 0 0 0 0 0 0 0 0 0 0 0 0 0 0 0 0 0 0 0 0 0 0 0 0 0 0 0 0 0 0 0 0 0 0 0 0 0 0 0 0 0 0 0 0 0 0 0 0 0 0 0 0 0 0 0 0 0 0 0 0 0 0 0 0 0 0 0 0 0 0 0 0 0 0 0 0 0 0 0 0 0 0 0 0 0 0 0 0 0 0 0 0 0 0 0 0 0 0 0 0 0 0 0 0 0 0 0 0 0 0 0 0 0 0 0 0 0 0 0 0 0 0 0 0 0 0 0 0 0 0 0 0 0 0 0 0 0 0 0 0 0 0 0 0 0 0 0 0 0 0 0 0 0 0 0 0 0 0 0 0 0 0 0 0 0 0 0 0 0 0 0 0 0 0 0 0 0 0 0 0 0 0 0 0 0 0 0 0 0 0 0 0 0 0 0 0 0 0 0 0 0 0 0 0 0 0 0 0 0 0 0 0 0 0 0 0 0 0 0 0 0 0 0 0 0 0 0 0 0 0 0 0 0 0 0 0 0 0 0 0 0 0 0 0 0 0 0 0 0 0 0 0 0 0 0 0 0 0 0 0 0 0 0 0 0 0 0 0 0 0 0 0 0 0 0 0 0 0 0 0 0 0 0 0 0 0 0 0 0 0 0 0 0 0 0 0 0 0 0 0 0 0 0 0 0 0 0 0 0 0 0 0 0 0 0 0 0 0 0 0 0 0 0 0 0 0 0 0 0 0 0 0 0 0 0 0 0 0 0 0 0 0 0 0 0 0 0 0 0 0 0 0 0 0 0 0 0 0 0 0 0 0 0 0 0 0 0 0 0 0 0 0 0 0 0 0 0 0 0 0 0 0 0 0 0 0 0 0 0 0 0 0 0 0 0 0 0 0 0 0 0 0 0 0 0 0 0 0 0 0 0 0 0 0 0 0 0 0 0 0 0 0 0 0 0 0 0 0 0 0 0 0 0 0 0 0 0 0 0 0 0 0 0 0 0 0 0 0 0 0 0 0 0 0 0 0 0 0 0 0 0 0 0 0 0 0 0 0 0 0 0 0 0 0 0 0 0 0 0 0 0 0 0 0 0 0 0 0 0 0 0 0 0 0 0 0 0 0 0 0 0 0 0 0 0 0 0 0 0 0 0 0 0 0 0 0 0 0 0 0 0 0 0 0 0 0 0 0 0 0 0 0 0 0 0 0 0 0 0 0 0 0 0 0 0 0 0 0 0 0 0 0 0 0 0 0 0 0 0 0 0 0 0 0 0 0 0 0 0 0 0 0 0 0 0 0 0 0 0 0 0 0 0 0 0 0 0 0 0 0 0 0 0 0 0 0 0 0 0 0 0 0 0 0 0 0 0 0 0 0 0 0 0 0 0 0 0 0 0 0 0 0 0 0 0 0 0 0 0 0 0 0 0 0 0 0 0 0 0 0 0 0 0 0 0 0 0 0 0 0 0 0 0 0 0 0 0 0 0 0 0 0 0 0 0 0 0 0 0 0 0 0 0 0 0 0 0 0 0 0 0 0 0 0 0 0 0 0 0 0 0 0 0 0 0 0 0 0 0 0 0 0 0 0 0 0 0 0 0 0 0 0 0 0 0 0 0 0 0 0 0 0 0 0 0 0 0 0 0 0 0 0 0 0 0 0 0 0 0 0 0 0 0 0 0 0 0 0 0 0 0 0 0 0 0 0 0 0 0 0 0 0 0 0 0 0 0 0 0 0 0 0 0 0 0 0 0 0 0 0 0 0 0 0 0 0 0 0 0 0 0 0 0 0 0 0 0 0 0 0 0 0 0 0 0 0 0 0 0 0 0 0 0 0 0 0 0 0 0 0 0 0 0 0 0 0 0 0 0 0 0 0 0 0 0 0 0 0 0 0 0 0 0 0 0 0 0 0 0 0 0 0 0 0 0 0 0 0 0 0 0 0 0 0 0 0 0 0 0 0 0 0 0 0 0 0 0 0 0 0 0 0 0 0 0 0 0 0 0 0 0 0 0 0 0 0 0 0 0 0 0 0 0 0 0 0 0 0 0 0 0 0 0 0 0 0 0 0 0 0 0 0 0 0 0 0 0 0 0 0 0 0 0 0 0 0 0 0 0 0 0 0 0 0 0 0 0 0 0 0 0 0 0 0 0 0 0 0 0 0 0 0 0 0 0 0 0 0 0 0 0 0 0 0 0 0 0 0 0 0 0 0 0 0 0 0 0 0 0 0 0 0 0 0 0 0 0 0 0 0 0 0 0 0 0 0 0 0 0 0 0 0 0 0 0 0 0 0 0 0 0 0 0 0 0 0 0 0 0 0 0 0 0 0 0 0 0 0 0 0 0 0 0 0 0 0 0 0 0 0 0 0 0 0 0 0 0 0 0 0 0 0 0 0 0 0 0 0 0 0 0 0 0 0 0 0 0 0 0 0 0 0 0 0 0 0 0 0 0 0 0 0 0 0 0 0 0 0 0 0 0 0 0 0 0 0 0 0 0 0 0 0 0 0 0 0 0 0 0 0 0 0 0 0 0 0 0 0 0 0 0 0 0 0 0 0 0 0 0 0 0 0 0 0 0 0 0 0 0 0 0 0 0 0 0 0 0 0 0 0 0 0 0 0 0 0 0 0 0 0 0 0 0 0 0 0 0 0 0 0 0 0 0 0 0 0 0 0 0 0 0 0 0 0 0 0 0 0 0 0 0 0 0 0 0 0 0 0 0 0 0 0 0 0 0 0 0 0 0 0 0 0 0 0 0 0 0 0 0 0 0 0 0 0 0 0 0 0 0 0 0 0 0 0 0 0 0 0 0 0 0 0 0 0 0 0 0 0 0 0 0 0 0 0 0 0 0 0 0 0 0 0 0 0 0 0 0 0 0 0 0 0 0 0 0 0 0 0 0 0 0 0 0 0 0 0 0 0 0 0 0 0 0 0 0 0 0 0 0 0 0 0 0 0 0 0 0 0 0 0 0 0 0 0 0 0 0 0 0 0 0 0 0 0 0 0 0 0 0 0 0 0 0 0 0 0 0 0 0 0 0 0 0 0 0 0 0 0 0 0 0 0 0 0 0 0 0 0 0 0 0 0 0 0 0 0 0 0 0 0 0 0 0 0 0 0 0 0 0 0 0 0 0 0 0 0 0 0 0 0 0 0 0 0 0 0 0 0 0 0 0 0 0 0 0 0 0 0 0 0 0 0 0 0 0 0 0 0 0 0 0 0 0 0 0 0 0 0 0 0 0 0 0 0 0 0 0 0 0 0 0 0 0 0 0 0 0 0 0 0 0 0 0 0 0 0 0 0 0 0 0 0 0 0 0 0 0 0 0 0 0 0 0 0 0 0 0 0 0 0 0 0 0 0 0 0 0 0 0 0 0 0 0 0 0 0 0 0 0 0 0 0 0 0 0 0 0 0 0 0 0 0 0 0 0 0 0 0 0 0 0 0 0 0 0 0 0 0 0 0 0 0 0 0 0 0 0 0 0 0 0 0 0 0 0 0 0 0 0 0 0 0 0 0 0 0 0 0 0 0 0 0 0 0 0 0 0 0 0 0 0 0 0 0 0 0 0 0 0 0 0 0 0 0 0 0 0 0 0 0 0 0 0 0 0 0 0 0 0 0 0 0 0 0 0 0 0 0 0 0 0 0 0 0 0 0 0 0 0 0 0 0 0 0 0 0 0 0 0 0 0 0 0 0 0 0 0 0 0 0 0 0 0 0 0 0 0 0 0 0 0 0 0 0 0 0 0 0 0 0 0 0 0 0 0 0 0 0 0 0 0 0 0 0 0 0 0 0 0 0 0 0 0 0 0 0 0 0 0 0 0 0 0 0 0 0 0 0 0 0 0 0 0 0 0 0 0 0 0 0 0 0 0 0 0 0 0 0 0 0 0 0 0 0 0 0 0 0 0 0 0 0 0 0 0 0 0 0 0 0 0 0 0 0 0 0 0 0 0 0 0 0 0 0 0 0 0 0 0 0 0 0 0 0 0 0 0 0 0 0 0 0 0 0 0 0 0 0 0 0 0 0 0 0 0 0 0 0 0 0 0 0 0 0 0 0 0 0 0 0 0 0 0 0 0 0 0 0 0 0 0 0 0 0 0 0 0 0 0 0 0 0 0 0 0 0 0 0 0 0 0 0 0 0 0 0 0 0 0 0 0 0 0 0 0 0 0 0 0 0 0 0 0 0 0 0 0 0 0 0 0 0 0 0 0 0 0 0 0 0 0 0 0 0 0 0 0 0 0 0 0 0 0 0 0 0 0 0 0 0 0 0 0 0 0 0 0 0 0 0 0 0 0 0 0 0 0 0 0 0 0 0 0 0 0 0 0 0 0 0 0 0 0 0 0 0 0 0 0 0 0 0 0 0 0 0 0 0 0 0 0 0 0 0 0 0 0 0 0 0 0 0 0 0 0 0 0 0 0 0 0 0 0 0 0 0 0 0 0 0 0 0 0 0 0 0 0 0 0 0 0 0 0 0 0 0 0 0 0 0 0 0 0 0 0 0 0 0 0 0 0 0 0 0 0 0 0 0 0 0 0 0 0 0 0 0 0 0 0 0 0 0 0 0 0 0 0 0 0 0 0 0 0 0 0 0 0 0 0 0 0 0 0 0 0 0 0 0 0 0 0 0 0 0 0 0 0 0 0 0 0 0 0 0 0 0 0 0 0 0 0 0 0 0 0 0 0 0 0 0 0 0 0 0 0 0 0 0 0 0 0 0 0 0 0 0 0 0 0 0 0 0 0 0 0 0 0 0 0 0 0 0 0 0 0 0 0 0 0 0 0 0 0 0 0 0 0 0 0 0 0 0 0 0 0 0 0 0 0 0 0 0 0 0 0 0 0 0 0 0 0 0 0 0 0 0 0 0 0 0 0 0 0 0 0 0 0 0 0 0 0 0 0 0 0 0 0 0 0 0 0 0 0 0 0 0 0 0 0 0 0 0 0 0 0 0 0 0 0 0 0 0 0 0 0 0 0 0 0 0 0 0 0 0 0 0 0 0 0 0 0 0 0 0 0 0 0 0 0 0 0 0 0 0 0 0 0 0 0 0 0 0 0 0 0 0 0 0 0 0 0 0 0 0 0</float_array>
          <technique_common>
            <accessor source="#upper-body__1__005-mesh-map-0-array" count="1698" stride="2">
              <param name="S" type="float" />
              <param name="T" type="float" />
            </accessor>
          </technique_common>
        </source>
        <vertices id="upper-body__1__005-mesh-vertices">
          <input semantic="POSITION" source="#upper-body__1__005-mesh-positions" />
        </vertices>
        <lines count="2">
          <input semantic="VERTEX" source="#upper-body__1__005-mesh-vertices" offset="0" />
          <p>57 59 253 252</p>
        </lines>
        <triangles material="camera_bracket_material-material" count="566">
          <input semantic="VERTEX" source="#upper-body__1__005-mesh-vertices" offset="0" />
          <input semantic="NORMAL" source="#upper-body__1__005-mesh-normals" offset="1" />
          <input semantic="TEXCOORD" source="#upper-body__1__005-mesh-map-0" offset="2" set="0" />
          <p>1 0 0 2 1 1 208 2 2 4 3 3 323 4 4 325 5 5 3 6 6 0 7 7 4 3 8 7 8 9 6 9 10 8 10 11 18 11 12 17 12 13 16 13 14 27 14 15 26 15 16 25 16 17 41 17 18 32 18 19 29 19 20 26 15 21 29 19 22 30 20 23 29 19 24 31 21 25 30 20 26 225 22 27 229 23 28 226 24 29 36 25 30 33 26 31 41 17 32 40 27 33 41 17 34 230 28 35 68 29 36 66 30 37 67 31 38 296 32 39 66 30 40 292 33 41 68 29 42 69 34 43 229 23 44 76 35 45 78 36 46 73 37 47 71 38 48 75 39 49 73 37 50 76 35 51 79 40 52 78 36 53 78 36 54 79 40 55 84 41 56 92 42 57 89 43 58 91 44 59 95 45 60 105 46 61 104 47 62 101 48 63 96 49 64 99 50 65 103 51 66 96 49 67 97 52 68 102 53 69 99 50 70 100 54 71 103 51 72 100 54 73 98 55 74 294 56 75 105 46 76 95 45 77 118 57 78 115 58 79 116 59 80 123 60 81 119 61 82 122 62 83 124 63 84 126 64 85 233 65 86 129 66 87 232 67 88 128 68 89 129 66 90 125 69 91 233 65 92 132 70 93 131 71 94 130 72 95 207 73 96 178 74 97 176 75 98 207 73 99 205 76 100 1 0 101 215 77 102 217 78 103 218 79 104 221 80 105 220 81 106 222 82 107 236 83 108 123 60 109 234 84 110 231 85 111 37 86 112 224 87 113 227 88 114 37 86 115 225 22 116 227 88 117 226 24 118 228 89 119 231 85 120 226 24 121 223 90 122 241 91 123 242 92 124 243 93 125 247 94 126 248 95 127 246 96 128 249 97 129 248 95 130 251 98 131 251 98 132 250 99 133 249 97 134 257 100 135 258 101 136 255 102 137 258 101 138 259 103 139 290 104 140 260 105 141 264 106 142 263 107 143 263 107 144 262 108 145 260 105 146 268 109 147 265 110 148 266 111 149 217 78 150 226 24 151 218 79 152 289 112 153 256 113 154 290 104 155 254 114 156 247 94 157 250 99 158 58 115 159 298 116 160 297 117 161 65 118 162 302 119 163 300 120 164 303 121 165 299 122 166 298 116 167 1 0 168 0 7 169 2 1 170 3 6 171 2 1 172 0 7 173 7 8 174 311 123 175 310 124 176 3 6 177 324 125 178 321 126 179 3 6 180 6 9 181 5 127 182 7 8 183 5 127 184 6 9 185 113 128 186 111 129 187 110 130 188 318 131 189 0 7 190 316 132 191 109 133 192 9 134 193 10 135 194 207 73 195 1 0 196 208 2 197 196 136 198 84 41 199 139 137 200 9 134 201 11 138 202 10 135 203 15 139 204 11 138 205 13 140 206 12 141 207 14 142 208 13 140 209 13 140 210 14 142 211 15 139 212 20 143 213 18 11 214 14 142 215 10 135 216 11 138 217 15 139 218 18 11 219 19 144 220 17 12 221 23 145 222 25 16 223 119 61 224 21 146 225 22 147 226 244 148 227 24 149 228 238 150 229 27 14 230 27 14 231 28 151 232 26 15 233 26 15 234 28 151 235 29 19 236 29 19 237 32 18 238 31 21 239 220 81 240 31 21 241 32 18 242 35 152 243 34 153 244 245 154 245 241 91 246 243 93 247 35 152 248 243 93 249 34 153 250 35 152 251 38 155 252 42 156 253 35 152 254 39 157 255 36 25 256 41 17 257 39 157 258 225 22 259 37 86 260 40 27 261 39 157 262 41 17 263 230 28 264 42 156 265 38 155 266 38 155 267 40 27 268 230 28 269 230 28 270 43 158 271 64 159 272 68 29 273 229 23 274 66 30 275 296 32 276 67 31 277 66 30 278 68 29 279 70 160 280 69 34 281 69 34 282 70 160 283 295 161 284 78 36 285 71 38 286 73 37 287 71 38 288 72 162 289 75 39 290 213 163 291 77 164 292 76 35 293 76 35 294 77 164 295 79 40 296 79 40 297 77 164 298 218 79 299 83 165 300 80 166 301 81 167 302 130 72 303 131 71 304 232 67 305 122 62 306 83 165 307 237 168 308 88 169 309 102 53 310 105 46 311 91 44 312 89 43 313 87 170 314 92 42 315 90 171 316 89 43 317 262 108 318 93 172 319 92 42 320 36 25 321 219 173 322 221 80 323 20 143 324 94 174 325 256 113 326 99 50 327 212 175 328 100 54 329 93 172 330 96 49 331 98 55 332 101 48 333 97 52 334 96 49 335 103 51 336 98 55 337 96 49 338 102 53 339 101 48 340 99 50 341 101 48 342 85 176 343 106 177 344 85 176 345 107 178 346 106 177 347 103 51 348 102 53 349 100 54 350 294 56 351 88 169 352 105 46 353 107 178 354 110 130 355 108 179 356 111 129 357 108 179 358 110 130 359 113 128 360 117 180 361 114 181 362 111 129 363 114 181 364 242 92 365 118 57 366 117 180 367 115 58 368 236 83 369 114 181 370 117 180 371 240 182 372 17 12 373 19 144 374 122 62 375 119 61 376 120 183 377 123 60 378 121 184 379 119 61 380 122 62 381 125 69 382 232 67 383 125 69 384 124 63 385 233 65 386 132 70 387 130 72 388 233 65 389 129 66 390 130 72 391 232 67 392 129 66 393 128 68 394 125 69 395 132 70 396 133 185 397 131 71 398 195 186 399 196 136 400 204 187 401 196 136 402 197 188 403 204 187 404 213 163 405 210 189 406 204 187 407 137 190 408 135 191 409 140 192 410 139 137 411 137 190 412 140 192 413 186 193 414 187 194 415 205 76 416 166 195 417 163 194 418 132 70 419 175 196 420 177 194 421 206 197 422 206 197 423 131 71 424 133 185 425 210 189 426 211 198 427 209 199 428 207 73 429 206 197 430 205 76 431 120 183 432 134 200 433 127 201 434 221 80 435 219 173 436 220 81 437 222 82 438 245 154 439 244 148 440 231 85 441 223 90 442 37 86 443 227 88 444 224 87 445 37 86 446 227 88 447 225 22 448 226 24 449 231 85 450 228 89 451 226 24 452 235 202 453 27 14 454 238 150 455 239 203 456 83 165 457 41 17 458 83 165 459 81 167 460 41 17 461 241 91 462 112 204 463 242 92 464 243 93 465 242 92 466 244 148 467 247 94 468 293 205 469 248 95 470 249 97 471 246 96 472 248 95 473 251 98 474 254 114 475 250 99 476 291 206 477 289 112 478 106 177 479 291 206 480 257 100 481 255 102 482 255 102 483 256 113 484 291 206 485 257 100 486 259 103 487 258 101 488 259 103 489 289 112 490 290 104 491 260 105 492 261 207 493 264 106 494 263 107 495 265 110 496 262 108 497 268 109 498 262 108 499 265 110 500 258 101 501 261 207 502 260 105 503 106 177 504 283 208 505 284 208 506 289 112 507 291 206 508 256 113 509 254 114 510 293 205 511 247 94 512 58 115 513 303 121 514 298 116 515 65 118 516 299 122 517 302 119 518 303 121 519 302 119 520 299 122 521 41 17 522 81 167 523 224 87 524 297 117 525 66 30 526 65 118 527 68 29 528 228 89 529 79 40 530 251 98 531 256 113 532 255 102 533 4 3 534 0 7 535 322 209 536 4 3 537 322 209 538 323 4 539 8 10 540 6 9 541 4 3 542 325 5 543 327 210 544 4 3 545 327 210 546 8 10 547 4 3 548 28 151 549 27 14 550 29 19 551 27 14 552 237 168 553 29 19 554 237 168 555 239 203 556 29 19 557 239 203 558 41 17 559 29 19 560 41 17 561 33 26 562 32 18 563 225 22 564 66 30 565 229 23 566 80 166 567 82 211 568 79 40 569 82 211 570 84 41 571 79 40 572 84 41 573 86 212 574 78 36 575 90 171 576 92 42 577 104 47 578 92 42 579 93 172 580 104 47 581 93 172 582 95 45 583 104 47 584 208 2 585 183 213 586 207 73 587 183 213 588 181 214 589 207 73 590 181 214 591 180 215 592 207 73 593 151 216 594 131 71 595 176 75 596 131 71 597 207 73 598 176 75 599 171 217 600 150 218 601 173 219 602 150 218 603 151 216 604 173 219 605 207 73 606 180 215 607 178 74 608 173 219 609 151 216 610 176 75 611 236 83 612 121 184 613 123 60 614 226 24 615 229 23 616 218 79 617 229 23 618 69 34 619 218 79 620 292 33 621 255 102 622 258 101 623 69 34 624 292 33 625 75 39 626 292 33 627 258 101 628 91 44 629 258 101 630 92 42 631 91 44 632 91 44 633 74 220 634 73 37 635 91 44 636 73 37 637 292 33 638 73 37 639 75 39 640 292 33 641 217 78 642 37 86 643 223 90 644 217 78 645 223 90 646 226 24 647 69 34 648 75 39 649 218 79 650 326 221 651 324 125 652 3 6 653 3 6 654 5 127 655 7 8 656 7 8 657 208 2 658 311 123 659 208 2 660 2 1 661 315 222 662 311 123 663 208 2 664 313 223 665 2 1 666 319 224 667 317 225 668 2 1 669 317 225 670 315 222 671 326 221 672 3 6 673 304 226 674 3 6 675 7 8 676 305 227 677 304 226 678 3 6 679 305 227 680 315 222 681 313 223 682 208 2 683 307 228 684 305 227 685 7 8 686 310 124 687 307 228 688 7 8 689 321 126 690 319 224 691 3 6 692 319 224 693 2 1 694 3 6 695 3 6 696 4 3 697 6 9 698 110 130 699 109 133 700 240 182 701 109 133 702 10 135 703 240 182 704 110 130 705 240 182 706 116 59 707 116 59 708 115 58 709 110 130 710 115 58 711 113 128 712 110 130 713 8 10 714 327 210 715 306 229 716 8 10 717 306 229 718 308 230 719 13 140 720 9 134 721 12 141 722 9 134 723 8 10 724 12 141 725 209 199 726 211 198 727 309 231 728 211 198 729 12 141 730 8 10 731 8 10 732 308 230 733 309 231 734 8 10 735 309 231 736 211 198 737 309 231 738 312 232 739 209 199 740 205 76 741 209 199 742 316 132 743 209 199 744 312 232 745 314 233 746 322 209 747 0 7 748 320 234 749 0 7 750 1 0 751 316 132 752 320 234 753 0 7 754 318 131 755 1 0 756 205 76 757 316 132 758 209 199 759 314 233 760 316 132 761 109 133 762 85 176 763 9 134 764 84 41 765 82 211 766 139 137 767 82 211 768 232 67 769 131 71 770 139 137 771 82 211 772 137 190 773 131 71 774 151 216 775 153 235 776 131 71 777 153 235 778 154 236 779 8 10 780 9 134 781 85 176 782 7 8 783 8 10 784 85 176 785 7 8 786 85 176 787 84 41 788 185 237 789 183 213 790 84 41 791 183 213 792 208 2 793 84 41 794 188 238 795 185 237 796 84 41 797 208 2 798 7 8 799 84 41 800 131 71 801 154 236 802 157 239 803 131 71 804 157 239 805 160 240 806 189 241 807 188 238 808 84 41 809 131 71 810 160 240 811 161 242 812 131 71 813 161 242 814 164 243 815 191 244 816 189 241 817 84 41 818 194 245 819 191 244 820 84 41 821 131 71 822 164 243 823 82 211 824 164 243 825 165 246 826 82 211 827 195 186 828 194 245 829 84 41 830 196 136 831 195 186 832 84 41 833 165 246 834 167 247 835 82 211 836 167 247 837 170 248 838 82 211 839 150 218 840 171 217 841 202 249 842 147 250 843 150 218 844 202 249 845 147 250 846 202 249 847 145 251 848 202 249 849 199 252 850 145 251 851 145 251 852 199 252 853 143 253 854 199 252 855 198 254 856 143 253 857 143 253 858 198 254 859 142 255 860 198 254 861 196 136 862 142 255 863 170 248 864 138 256 865 82 211 866 138 256 867 137 190 868 82 211 869 142 255 870 196 136 871 139 137 872 9 134 873 13 140 874 11 138 875 14 142 876 12 141 877 212 175 878 12 141 879 211 198 880 212 175 881 212 175 882 94 174 883 14 142 884 94 174 885 20 143 886 14 142 887 16 13 888 15 139 889 18 11 890 15 139 891 14 142 892 18 11 893 16 13 894 17 12 895 15 139 896 17 12 897 240 182 898 15 139 899 240 182 900 10 135 901 15 139 902 220 81 903 219 173 904 31 21 905 219 173 906 215 77 907 31 21 908 215 77 909 214 257 910 216 258 911 216 258 912 120 183 913 30 20 914 120 183 915 119 61 916 25 16 917 30 20 918 120 183 919 25 16 920 118 57 921 19 144 922 18 11 923 215 77 924 216 258 925 30 20 926 118 57 927 18 11 928 20 143 929 25 16 930 26 15 931 30 20 932 30 20 933 31 21 934 215 77 935 118 57 936 20 143 937 21 146 938 118 57 939 21 146 940 23 145 941 118 57 942 23 145 943 119 61 944 24 149 945 23 145 946 244 148 947 23 145 948 21 146 949 244 148 950 25 16 951 23 145 952 27 14 953 23 145 954 24 149 955 27 14 956 32 18 957 245 154 958 222 82 959 222 82 960 220 81 961 32 18 962 245 154 963 32 18 964 33 26 965 33 26 966 35 152 967 245 154 968 33 26 969 36 25 970 35 152 971 36 25 972 38 155 973 35 152 974 39 157 975 40 27 976 225 22 977 37 86 978 36 25 979 39 157 980 64 159 981 63 259 982 230 28 983 63 259 984 42 156 985 230 28 986 296 32 987 292 33 988 295 161 989 292 33 990 69 34 991 295 161 992 73 37 993 74 220 994 213 163 995 213 163 996 214 257 997 77 164 998 214 257 999 215 77 1000 77 164 1001 215 77 1002 218 79 1003 77 164 1004 76 35 1005 73 37 1006 213 163 1007 75 39 1008 72 162 1009 218 79 1010 72 162 1011 79 40 1012 218 79 1013 83 165 1014 82 211 1015 80 166 1016 235 202 1017 234 84 1018 237 168 1019 234 84 1020 123 60 1021 237 168 1022 123 60 1023 122 62 1024 237 168 1025 122 62 1026 232 67 1027 83 165 1028 232 67 1029 82 211 1030 83 165 1031 83 165 1032 239 203 1033 237 168 1034 88 169 1035 87 170 1036 86 212 1037 86 212 1038 84 41 1039 88 169 1040 84 41 1041 85 176 1042 102 53 1043 85 176 1044 101 48 1045 102 53 1046 103 51 1047 97 52 1048 104 47 1049 84 41 1050 102 53 1051 88 169 1052 102 53 1053 103 51 1054 105 46 1055 103 51 1056 104 47 1057 105 46 1058 88 169 1059 294 56 1060 87 170 1061 294 56 1062 74 220 1063 87 170 1064 74 220 1065 91 44 1066 87 170 1067 258 101 1068 260 105 1069 92 42 1070 260 105 1071 262 108 1072 92 42 1073 262 108 1074 268 109 1075 93 172 1076 299 122 1077 65 118 1078 40 27 1079 65 118 1080 66 30 1081 40 27 1082 66 30 1083 225 22 1084 40 27 1085 40 27 1086 38 155 1087 299 122 1088 298 116 1089 299 122 1090 254 114 1091 299 122 1092 38 155 1093 254 114 1094 292 33 1095 297 117 1096 255 102 1097 297 117 1098 298 116 1099 255 102 1100 254 114 1101 251 98 1102 255 102 1103 255 102 1104 298 116 1105 254 114 1106 293 205 1107 254 114 1108 38 155 1109 221 80 1110 22 147 1111 293 205 1112 217 78 1113 215 77 1114 37 86 1115 215 77 1116 219 173 1117 37 86 1118 221 80 1119 293 205 1120 38 155 1121 36 25 1122 37 86 1123 219 173 1124 38 155 1125 36 25 1126 221 80 1127 248 95 1128 293 205 1129 22 147 1130 22 147 1131 21 146 1132 20 143 1133 94 174 1134 93 172 1135 268 109 1136 261 207 1137 258 101 1138 290 104 1139 94 174 1140 268 109 1141 261 207 1142 248 95 1143 22 147 1144 20 143 1145 256 113 1146 251 98 1147 248 95 1148 94 174 1149 261 207 1150 290 104 1151 256 113 1152 248 95 1153 20 143 1154 94 174 1155 290 104 1156 256 113 1157 96 49 1158 93 172 1159 94 174 1160 212 175 1161 210 189 1162 100 54 1163 210 189 1164 213 163 1165 294 56 1166 100 54 1167 210 189 1168 294 56 1169 213 163 1170 74 220 1171 294 56 1172 294 56 1173 95 45 1174 100 54 1175 99 50 1176 96 49 1177 94 174 1178 99 50 1179 94 174 1180 212 175 1181 100 54 1182 95 45 1183 98 55 1184 95 45 1185 93 172 1186 98 55 1187 106 177 1188 104 47 1189 97 52 1190 97 52 1191 101 48 1192 106 177 1193 85 176 1194 109 133 1195 107 178 1196 107 178 1197 109 133 1198 110 130 1199 111 129 1200 112 204 1201 108 179 1202 113 128 1203 115 58 1204 117 180 1205 111 129 1206 113 128 1207 114 181 1208 236 83 1209 234 84 1210 235 202 1211 236 83 1212 235 202 1213 238 150 1214 24 149 1215 244 148 1216 242 92 1217 236 83 1218 238 150 1219 24 149 1220 114 181 1221 236 83 1222 24 149 1223 242 92 1224 112 204 1225 111 129 1226 114 181 1227 24 149 1228 242 92 1229 117 180 1230 118 57 1231 121 184 1232 118 57 1233 119 61 1234 121 184 1235 121 184 1236 236 83 1237 117 180 1238 19 144 1239 118 57 1240 116 59 1241 116 59 1242 240 182 1243 19 144 1244 120 183 1245 127 201 1246 122 62 1247 127 201 1248 126 64 1249 122 62 1250 126 64 1251 124 63 1252 122 62 1253 124 63 1254 125 69 1255 122 62 1256 125 69 1257 128 68 1258 232 67 1259 233 65 1260 126 64 1261 127 201 1262 127 201 1263 134 200 1264 233 65 1265 134 200 1266 132 70 1267 233 65 1268 130 72 1269 129 66 1270 233 65 1271 140 192 1272 132 70 1273 216 258 1274 132 70 1275 134 200 1276 216 258 1277 216 258 1278 214 257 1279 140 192 1280 214 257 1281 213 163 1282 140 192 1283 140 192 1284 213 163 1285 204 187 1286 209 199 1287 205 76 1288 210 189 1289 205 76 1290 204 187 1291 210 189 1292 193 260 1293 204 187 1294 205 76 1295 205 76 1296 206 197 1297 186 193 1298 206 197 1299 179 261 1300 182 262 1301 206 197 1302 182 262 1303 184 263 1304 192 194 1305 193 260 1306 205 76 1307 190 194 1308 192 194 1309 205 76 1310 206 197 1311 184 263 1312 186 193 1313 187 194 1314 190 194 1315 205 76 1316 159 194 1317 158 264 1318 133 185 1319 132 70 1320 140 192 1321 135 191 1322 132 70 1323 135 191 1324 136 265 1325 159 194 1326 133 185 1327 162 194 1328 133 185 1329 132 70 1330 163 194 1331 162 194 1332 133 185 1333 163 194 1334 132 70 1335 136 265 1336 169 266 1337 132 70 1338 169 266 1339 168 267 1340 132 70 1341 168 267 1342 166 195 1343 141 268 1344 140 192 1345 197 188 1346 140 192 1347 204 187 1348 197 188 1349 144 269 1350 141 268 1351 200 270 1352 141 268 1353 197 188 1354 200 270 1355 146 271 1356 144 269 1357 201 272 1358 144 269 1359 200 270 1360 201 272 1361 148 273 1362 146 271 1363 203 274 1364 146 271 1365 201 272 1366 203 274 1367 149 275 1368 148 273 1369 203 274 1370 149 275 1371 203 274 1372 172 276 1373 152 277 1374 149 275 1375 174 278 1376 149 275 1377 172 276 1378 174 278 1379 155 279 1380 152 277 1381 175 196 1382 152 277 1383 174 278 1384 175 196 1385 133 185 1386 158 264 1387 156 280 1388 156 280 1389 155 279 1390 133 185 1391 155 279 1392 175 196 1393 206 197 1394 177 194 1395 179 261 1396 206 197 1397 155 279 1398 206 197 1399 133 185 1400 206 197 1401 207 73 1402 131 71 1403 210 189 1404 212 175 1405 211 198 1406 120 183 1407 216 258 1408 134 200 1409 244 148 1410 22 147 1411 222 82 1412 22 147 1413 221 80 1414 222 82 1415 235 202 1416 237 168 1417 27 14 1418 245 154 1419 34 153 1420 244 148 1421 34 153 1422 243 93 1423 244 148 1424 276 208 1425 277 281 1426 289 112 1427 277 281 1428 106 177 1429 289 112 1430 107 178 1431 108 179 1432 112 204 1433 241 91 1434 246 96 1435 291 206 1436 246 96 1437 249 97 1438 291 206 1439 107 178 1440 112 204 1441 241 91 1442 259 103 1443 275 208 1444 289 112 1445 275 208 1446 276 208 1447 289 112 1448 107 178 1449 241 91 1450 291 206 1451 107 178 1452 291 206 1453 106 177 1454 60 208 1455 301 208 1456 300 120 1457 61 208 1458 60 208 1459 300 120 1460 42 156 1461 63 259 1462 300 120 1463 63 259 1464 62 282 1465 300 120 1466 62 282 1467 61 208 1468 300 120 1469 241 91 1470 35 152 1471 247 94 1472 35 152 1473 42 156 1474 247 94 1475 247 94 1476 246 96 1477 241 91 1478 291 206 1479 249 97 1480 257 100 1481 249 97 1482 250 99 1483 257 100 1484 250 99 1485 247 94 1486 42 156 1487 42 156 1488 300 120 1489 302 119 1490 42 156 1491 302 119 1492 250 99 1493 302 119 1494 303 121 1495 250 99 1496 257 100 1497 250 99 1498 303 121 1499 274 283 1500 275 208 1501 264 106 1502 275 208 1503 259 103 1504 264 106 1505 259 103 1506 257 100 1507 296 32 1508 257 100 1509 303 121 1510 58 115 1511 273 284 1512 274 283 1513 264 106 1514 257 100 1515 58 115 1516 296 32 1517 58 115 1518 57 285 1519 56 286 1520 58 115 1521 56 286 1522 55 287 1523 58 115 1524 55 287 1525 54 288 1526 58 115 1527 54 288 1528 53 289 1529 264 106 1530 270 290 1531 271 291 1532 264 106 1533 271 291 1534 272 208 1535 58 115 1536 53 289 1537 296 32 1538 53 289 1539 52 292 1540 296 32 1541 264 106 1542 272 208 1543 273 284 1544 52 292 1545 51 293 1546 296 32 1547 51 293 1548 50 294 1549 296 32 1550 263 107 1551 264 106 1552 259 103 1553 265 110 1554 263 107 1555 90 171 1556 263 107 1557 259 103 1558 90 171 1559 50 294 1560 49 208 1561 296 32 1562 269 208 1563 267 208 1564 266 111 1565 288 208 1566 269 208 1567 266 111 1568 287 208 1569 288 208 1570 266 111 1571 286 208 1572 287 208 1573 266 111 1574 285 295 1575 286 208 1576 266 111 1577 285 295 1578 266 111 1579 265 110 1580 44 208 1581 43 158 1582 67 31 1583 43 158 1584 230 28 1585 67 31 1586 230 28 1587 228 89 1588 67 31 1589 296 32 1590 295 161 1591 71 38 1592 67 31 1593 296 32 1594 47 296 1595 45 208 1596 44 208 1597 67 31 1598 46 208 1599 45 208 1600 67 31 1601 47 296 1602 46 208 1603 67 31 1604 71 38 1605 78 36 1606 86 212 1607 48 297 1608 47 296 1609 296 32 1610 71 38 1611 86 212 1612 87 170 1613 49 208 1614 48 297 1615 296 32 1616 296 32 1617 71 38 1618 89 43 1619 71 38 1620 87 170 1621 89 43 1622 259 103 1623 296 32 1624 89 43 1625 90 171 1626 259 103 1627 89 43 1628 106 177 1629 277 281 1630 278 298 1631 106 177 1632 278 298 1633 279 299 1634 265 110 1635 90 171 1636 104 47 1637 106 177 1638 279 299 1639 280 208 1640 106 177 1641 280 208 1642 281 300 1643 285 295 1644 265 110 1645 104 47 1646 285 295 1647 104 47 1648 106 177 1649 106 177 1650 281 300 1651 282 301 1652 106 177 1653 282 301 1654 283 208 1655 284 208 1656 285 295 1657 106 177 1658 227 88 1659 228 89 1660 230 28 1661 227 88 1662 230 28 1663 41 17 1664 81 167 1665 80 166 1666 224 87 1667 224 87 1668 227 88 1669 41 17 1670 297 117 1671 292 33 1672 66 30 1673 231 85 1674 224 87 1675 80 166 1676 72 162 1677 71 38 1678 295 161 1679 72 162 1680 295 161 1681 70 160 1682 231 85 1683 80 166 1684 228 89 1685 80 166 1686 79 40 1687 228 89 1688 68 29 1689 67 31 1690 228 89 1691 79 40 1692 72 162 1693 70 160 1694 70 160 1695 68 29 1696 79 40 1697</p>
        </triangles>
      </mesh>
    </geometry>
    <geometry id="upper-body__1__004-mesh" name="upper-body (1).004">
      <mesh>
        <source id="upper-body__1__004-mesh-positions">
          <float_array id="upper-body__1__004-mesh-positions-array" count="48">-0.02894932 0.05005949 0.04769748 -0.02894932 0.05005949 0.04645043 -0.02894932 0.04556149 0.04769748 -0.02770227 0.05005949 0.04769748 -0.02770227 0.04705953 0.04769748 -0.02770227 0.05005949 0.04645043 -0.02770227 0.04705953 0.04645043 -0.01469731 0.04705953 0.04645043 -0.01469731 0.04705953 0.04769748 -0.01469731 0.05005949 0.04645043 -0.01344931 0.05005949 0.04645043 -0.01469731 0.05005949 0.04769748 -0.01344931 0.05005949 0.04769748 -0.01344931 0.04556149 0.04769748 -0.01344931 0.04556149 0.04645043 -0.02894932 0.04556149 0.04645043</float_array>
          <technique_common>
            <accessor source="#upper-body__1__004-mesh-positions-array" count="16" stride="3">
              <param name="X" type="float" />
              <param name="Y" type="float" />
              <param name="Z" type="float" />
            </accessor>
          </technique_common>
        </source>
        <source id="upper-body__1__004-mesh-normals">
          <float_array id="upper-body__1__004-mesh-normals-array" count="48">-0.577343 0.5773674 -0.5773406 -0.5773226 -0.5773578 0.5773704 -0.5773495 0.5773804 0.577321 0.5773193 0.5773829 -0.5773487 0.5773488 0.5773516 0.5773504 -0.3015017 0.3015142 0.9045364 0.3014996 0.301519 0.9045354 0.3015129 0.3015144 -0.9045325 0.5773218 -0.5773553 -0.5773739 -0.5773431 -0.5773432 -0.5773646 -0.3015125 0.3015164 -0.904532 -0.5773317 0.5773596 -0.5773596 -0.5773394 0.5773721 0.5773394 0.5773482 0.5773816 -0.577321 0.5773412 0.5773689 0.5773409 0.5773412 -0.5773411 0.5773687</float_array>
          <technique_common>
            <accessor source="#upper-body__1__004-mesh-normals-array" count="16" stride="3">
              <param name="X" type="float" />
              <param name="Y" type="float" />
              <param name="Z" type="float" />
            </accessor>
          </technique_common>
        </source>
        <source id="upper-body__1__004-mesh-map-0">
          <float_array id="upper-body__1__004-mesh-map-0-array" count="168">0 0 0 0 0 0 0 0 0 0 0 0 0 0 0 0 0 0 0 0 0 0 0 0 0 0 0 0 0 0 0 0 0 0 0 0 0 0 0 0 0 0 0 0 0 0 0 0 0 0 0 0 0 0 0 0 0 0 0 0 0 0 0 0 0 0 0 0 0 0 0 0 0 0 0 0 0 0 0 0 0 0 0 0 0 0 0 0 0 0 0 0 0 0 0 0 0 0 0 0 0 0 0 0 0 0 0 0 0 0 0 0 0 0 0 0 0 0 0 0 0 0 0 0 0 0 0 0 0 0 0 0 0 0 0 0 0 0 0 0 0 0 0 0 0 0 0 0 0 0 0 0 0 0 0 0 0 0 0 0 0 0 0 0 0 0 0 0</float_array>
          <technique_common>
            <accessor source="#upper-body__1__004-mesh-map-0-array" count="84" stride="2">
              <param name="S" type="float" />
              <param name="T" type="float" />
            </accessor>
          </technique_common>
        </source>
        <vertices id="upper-body__1__004-mesh-vertices">
          <input semantic="POSITION" source="#upper-body__1__004-mesh-positions" />
        </vertices>
        <triangles material="camera_bracket_material-material" count="28">
          <input semantic="VERTEX" source="#upper-body__1__004-mesh-vertices" offset="0" />
          <input semantic="NORMAL" source="#upper-body__1__004-mesh-normals" offset="1" />
          <input semantic="TEXCOORD" source="#upper-body__1__004-mesh-map-0" offset="2" set="0" />
          <p>1 0 0 2 1 1 0 2 2 5 3 3 0 2 4 3 4 5 8 5 6 4 6 7 2 1 8 5 3 9 4 6 10 6 7 11 14 8 12 15 9 13 7 10 14 7 10 15 4 6 16 8 5 17 9 11 18 8 5 19 11 12 20 11 12 21 10 13 22 9 11 23 14 8 24 12 14 25 13 15 26 2 1 27 14 8 28 13 15 29 1 0 30 15 9 31 2 1 32 5 3 33 1 0 34 0 2 35 13 15 36 12 14 37 8 5 38 12 14 39 11 12 40 8 5 41 3 4 42 0 2 43 4 6 44 0 2 45 2 1 46 4 6 47 13 15 48 8 5 49 2 1 50 5 3 51 3 4 52 4 6 53 9 11 54 10 13 55 7 10 56 10 13 57 14 8 58 7 10 59 15 9 60 1 0 61 6 7 62 1 0 63 5 3 64 6 7 65 15 9 66 6 7 67 7 10 68 7 10 69 6 7 70 4 6 71 9 11 72 7 10 73 8 5 74 11 12 75 12 14 76 10 13 77 14 8 78 10 13 79 12 14 80 2 1 81 15 9 82 14 8 83</p>
        </triangles>
      </mesh>
    </geometry>
    <geometry id="upper-body__1__003-mesh" name="upper-body (1).003">
      <mesh>
        <source id="upper-body__1__003-mesh-positions">
          <float_array id="upper-body__1__003-mesh-positions-array" count="261">-0.05479443 0.03019398 0.1318495 -0.05479443 0.03019398 0.1288495 -0.05479443 0.02769398 0.1318495 -6.21438e-4 0.03015601 0.1318495 -6.21438e-4 0.03015601 0.1288475 -0.001228868 0.03019601 0.1288475 0.003728508 0.03019601 0.1288475 -0.001228868 0.03019601 0.1288495 0.003728508 0.03019601 0.1288495 -0.00119847 0.03019398 0.1288495 -0.05479437 -0.02830594 0.1288495 -0.003411412 -0.02826493 0.1288495 -0.05479437 -0.02830594 0.1318495 -0.05479443 0.02769398 0.1288495 -0.003411412 -0.02826493 0.1318495 -0.05479437 -0.03080594 0.1318495 -0.05479437 -0.03080594 0.1288495 -6.65426e-4 -0.03076791 0.1318495 -6.65426e-4 -0.03076791 0.1288475 -0.001293718 -0.03080892 0.1288475 6.08578e-4 -0.03042793 0.1288475 6.08578e-4 -0.03042793 0.1318495 0.001749575 -0.02976995 0.1288475 0.001749575 -0.02976995 0.1318495 0.002682566 -0.02884095 0.1288475 0.002682566 -0.02884095 0.1318495 0.003341555 -0.02770197 0.1318495 0.003341555 -0.02770197 0.1288475 0.003682553 -0.02643191 0.1288475 0.003723561 -0.02581971 0.1288475 0.003682553 -0.02643191 0.1318495 0.003685534 0.02585703 0.1318495 0.003685534 0.02585703 0.1288495 0.00368756 0.02584701 0.1288495 0.003685534 -0.02638715 0.1288495 0.003723561 -0.02581971 0.1288495 0.003723561 -0.03080892 0.1288495 0.003723561 -0.03080892 0.1288475 -0.001293718 -0.03080892 0.1288495 -0.001247763 -0.03080594 0.1288495 0.02445554 -0.04080593 0.1258495 0.02445554 0.04019403 0.1258495 0.02445554 -0.04080593 0.1288495 0.02445554 0.04019403 0.1288495 -0.05479443 0.04019397 0.1288495 -0.002110421 0.02731603 0.1288495 -0.002110421 0.02731603 0.1318495 -0.003371417 0.02765399 0.1288495 -0.003371417 0.02765399 0.1318495 -9.79438e-4 0.026663 0.1288495 -9.79438e-4 0.026663 0.1318495 -5.54472e-5 0.02573901 0.1318495 -5.54472e-5 0.02573901 0.1288495 5.97551e-4 0.02460801 0.1288495 5.97551e-4 0.02460801 0.1318495 9.35569e-4 0.02334702 0.1288495 9.35569e-4 0.02334702 0.1318495 9.55567e-4 0.02304327 0.1288495 9.55567e-4 -0.0236184 0.1288495 9.34571e-4 -0.02393192 0.1288495 9.34571e-4 -0.02393192 0.1318495 9.55567e-4 -0.0236184 0.1318495 5.93588e-4 -0.02520096 0.1318495 5.93588e-4 -0.02520096 0.1288495 3.01585e-4 -0.02579194 0.1318495 3.01585e-4 -0.02579194 0.1288495 -5.00426e-4 -0.02683395 0.1288495 -5.00426e-4 -0.02683395 0.1318495 -0.001546382 -0.02763396 0.1318495 -0.001546382 -0.02763396 0.1288495 -0.00276339 -0.02813696 0.1318495 -0.00276339 -0.02813696 0.1288495 9.55567e-4 0.02304327 0.1318495 -0.05479443 0.04019397 0.1258495 -0.05479437 -0.04080599 0.1258495 -0.05479437 -0.04080599 0.1288495 0.003728508 0.02522438 0.1288495 0.003728508 0.02522438 0.1288475 0.00368756 0.02584701 0.1288475 0.003349542 0.02710902 0.1288475 0.003349542 0.02710902 0.1318495 0.002696514 0.02824097 0.1318495 0.002696514 0.02824097 0.1288475 0.001772522 0.02916502 0.1318495 0.001772522 0.02916502 0.1288475 6.40556e-4 0.02981799 0.1288475 6.40556e-4 0.02981799 0.1318495</float_array>
          <technique_common>
            <accessor source="#upper-body__1__003-mesh-positions-array" count="87" stride="3">
              <param name="X" type="float" />
              <param name="Y" type="float" />
              <param name="Z" type="float" />
            </accessor>
          </technique_common>
        </source>
        <source id="upper-body__1__003-mesh-normals">
          <float_array id="upper-body__1__003-mesh-normals-array" count="261">-0.5773254 -0.5773628 -0.5773627 -0.9046194 0.3014593 0.3013076 -0.9046113 -0.301465 0.3013261 0.0986616 0.7256342 0.6809706 0.111429 0.674515 0.7298035 0.04756373 0.9987713 0.01391798 0.7280048 0.09599143 0.6788187 -0.6991751 -0.02299308 0.7145806 -0.6990365 0.02337664 0.7147039 -0.3663302 0.6362302 0.6789796 -0.4766495 0.4781076 0.7377116 -0.5184044 0.5200038 0.6788616 -0.5773839 -0.5773551 0.5773118 0.410858 0.5356481 0.7377512 0.5356644 0.4108621 0.7377371 0.8422902 -0.02809292 0.5382919 -0.3015069 -0.3015234 0.9045315 0.01654058 -5.421e-4 0.9998632 -0.07113045 0.7241756 0.6859375 -0.5775747 0.5770961 0.57738 -0.06684935 0.6806027 0.7295967 -0.08842426 -0.6694153 0.7376071 -0.09614056 -0.7278557 0.6789575 -0.5773345 -0.5773586 0.5773579 -0.9045395 -0.3015085 0.3014978 0.04704582 -0.9987769 0.01521205 -0.4109909 -0.5356057 0.737708 -0.2810155 -0.6783496 0.6788756 -0.4469694 -0.5825208 0.6788874 -0.5773653 0.5773644 0.5773211 0.534846 -0.4117135 0.7378563 0.4104175 -0.5363368 0.737496 0.2808086 0.6783962 0.6789147 -0.6396123 0.241267 0.7298537 -0.7179908 0.1193069 0.6857516 -0.6810445 0.2568913 0.6857006 0.4461028 -0.5829706 0.6790711 0.9986807 -0.04995656 0.0118916 0.9742249 0.1907705 -0.1203851 0.2578591 -0.6238464 0.7377834 -0.02888983 -0.8426563 0.5376763 -0.3015223 0.3015227 0.9045266 -7.18121e-4 -0.01685094 0.9998579 0.8418298 0.0278849 0.5390223 -0.577317 0.5773505 -0.5773833 0.5773426 -0.5773419 -0.5773664 0.09832435 -0.7255926 0.6810637 0.1109344 -0.674641 0.7297624 -0.5773512 -0.5773594 0.5773403 0.5773691 0.5773609 0.5773208 0.5773603 -0.5773597 0.5773309 0.5773473 0.5773561 -0.5773476 -0.5773511 0.5773593 0.5773406 -0.6783559 -0.2810015 0.6788752 -0.5356163 -0.4109961 0.7376973 -0.5825252 -0.4469849 0.6788733 -0.6744706 -0.1114938 0.7298346 -0.7181197 -0.1187076 0.6857205 0.6238157 0.2584019 0.7376195 0.6852517 0.0933752 0.7222959 0.58262 0.4468846 0.6788579 0.6743716 -0.1120018 0.7298483 0.6781961 -0.2814915 0.6788318 0.6235011 -0.2587764 0.7377542 -0.7139963 -0.02347981 0.6997557 -0.714101 0.02388036 0.6996353 0.5819281 -0.4479577 0.6787442 -0.5800403 0.3615908 0.7299351 0.4469057 0.5826373 0.6788292 0.2582141 0.6238192 0.7376823 -0.1977286 0.6543059 0.7299227 -0.2105807 0.6968266 0.68563 -0.6177555 0.3851026 0.6856195 -3.41588e-4 0.01648736 0.9998641 -0.02749133 0.8415293 0.5395117 0.7163971 0.09429311 0.6912916 -0.2583959 -0.6237279 0.7376958 -0.9045386 0.3015082 0.301501 -0.5775722 -0.5770965 0.577382 -0.5773341 0.5773583 0.5773586 0.2805017 -0.6786274 0.6788106 -0.336928 0.5851669 0.7376037 0.7277933 -0.09626215 0.679007 0.6782878 0.28097 0.6789563 -0.6237422 -0.2584022 0.7376815 -0.6744462 0.1120852 0.7297666 0.01638984 5.32315e-4 0.9998656</float_array>
          <technique_common>
            <accessor source="#upper-body__1__003-mesh-normals-array" count="87" stride="3">
              <param name="X" type="float" />
              <param name="Y" type="float" />
              <param name="Z" type="float" />
            </accessor>
          </technique_common>
        </source>
        <source id="upper-body__1__003-mesh-map-0">
          <float_array id="upper-body__1__003-mesh-map-0-array" count="1020">0 0 0 0 0 0 0 0 0 0 0 0 0 0 0 0 0 0 0 0 0 0 0 0 0 0 0 0 0 0 0 0 0 0 0 0 0 0 0 0 0 0 0 0 0 0 0 0 0 0 0 0 0 0 0 0 0 0 0 0 0 0 0 0 0 0 0 0 0 0 0 0 0 0 0 0 0 0 0 0 0 0 0 0 0 0 0 0 0 0 0 0 0 0 0 0 0 0 0 0 0 0 0 0 0 0 0 0 0 0 0 0 0 0 0 0 0 0 0 0 0 0 0 0 0 0 0 0 0 0 0 0 0 0 0 0 0 0 0 0 0 0 0 0 0 0 0 0 0 0 0 0 0 0 0 0 0 0 0 0 0 0 0 0 0 0 0 0 0 0 0 0 0 0 0 0 0 0 0 0 0 0 0 0 0 0 0 0 0 0 0 0 0 0 0 0 0 0 0 0 0 0 0 0 0 0 0 0 0 0 0 0 0 0 0 0 0 0 0 0 0 0 0 0 0 0 0 0 0 0 0 0 0 0 0 0 0 0 0 0 0 0 0 0 0 0 0 0 0 0 0 0 0 0 0 0 0 0 0 0 0 0 0 0 0 0 0 0 0 0 0 0 0 0 0 0 0 0 0 0 0 0 0 0 0 0 0 0 0 0 0 0 0 0 0 0 0 0 0 0 0 0 0 0 0 0 0 0 0 0 0 0 0 0 0 0 0 0 0 0 0 0 0 0 0 0 0 0 0 0 0 0 0 0 0 0 0 0 0 0 0 0 0 0 0 0 0 0 0 0 0 0 0 0 0 0 0 0 0 0 0 0 0 0 0 0 0 0 0 0 0 0 0 0 0 0 0 0 0 0 0 0 0 0 0 0 0 0 0 0 0 0 0 0 0 0 0 0 0 0 0 0 0 0 0 0 0 0 0 0 0 0 0 0 0 0 0 0 0 0 0 0 0 0 0 0 0 0 0 0 0 0 0 0 0 0 0 0 0 0 0 0 0 0 0 0 0 0 0 0 0 0 0 0 0 0 0 0 0 0 0 0 0 0 0 0 0 0 0 0 0 0 0 0 0 0 0 0 0 0 0 0 0 0 0 0 0 0 0 0 0 0 0 0 0 0 0 0 0 0 0 0 0 0 0 0 0 0 0 0 0 0 0 0 0 0 0 0 0 0 0 0 0 0 0 0 0 0 0 0 0 0 0 0 0 0 0 0 0 0 0 0 0 0 0 0 0 0 0 0 0 0 0 0 0 0 0 0 0 0 0 0 0 0 0 0 0 0 0 0 0 0 0 0 0 0 0 0 0 0 0 0 0 0 0 0 0 0 0 0 0 0 0 0 0 0 0 0 0 0 0 0 0 0 0 0 0 0 0 0 0 0 0 0 0 0 0 0 0 0 0 0 0 0 0 0 0 0 0 0 0 0 0 0 0 0 0 0 0 0 0 0 0 0 0 0 0 0 0 0 0 0 0 0 0 0 0 0 0 0 0 0 0 0 0 0 0 0 0 0 0 0 0 0 0 0 0 0 0 0 0 0 0 0 0 0 0 0 0 0 0 0 0 0 0 0 0 0 0 0 0 0 0 0 0 0 0 0 0 0 0 0 0 0 0 0 0 0 0 0 0 0 0 0 0 0 0 0 0 0 0 0 0 0 0 0 0 0 0 0 0 0 0 0 0 0 0 0 0 0 0 0 0 0 0 0 0 0 0 0 0 0 0 0 0 0 0 0 0 0 0 0 0 0 0 0 0 0 0 0 0 0 0 0 0 0 0 0 0 0 0 0 0 0 0 0 0 0 0 0 0 0 0 0 0 0 0 0 0 0 0 0 0 0 0 0 0 0 0 0 0 0 0 0 0 0 0 0 0 0 0 0 0 0 0 0 0 0 0 0 0 0 0 0 0 0 0 0 0 0 0 0 0 0 0 0 0 0 0 0 0 0 0 0 0 0 0 0 0 0 0 0 0 0 0 0 0 0 0 0 0 0 0 0 0 0 0 0 0 0 0 0 0 0 0 0 0 0 0 0 0 0 0 0 0 0 0 0 0 0 0 0 0 0 0 0 0 0 0 0 0 0 0 0 0 0 0 0 0 0 0 0 0 0 0 0 0 0 0 0 0 0 0 0 0 0 0 0 0 0 0 0 0 0 0 0 0 0 0 0 0 0 0 0 0 0 0 0 0 0 0 0 0 0 0 0 0 0 0 0 0 0 0 0 0 0 0 0 0 0 0 0 0 0 0 0 0 0 0 0 0 0 0 0 0 0 0 0 0 0 0 0 0 0 0 0 0 0 0 0</float_array>
          <technique_common>
            <accessor source="#upper-body__1__003-mesh-map-0-array" count="510" stride="2">
              <param name="S" type="float" />
              <param name="T" type="float" />
            </accessor>
          </technique_common>
        </source>
        <vertices id="upper-body__1__003-mesh-vertices">
          <input semantic="POSITION" source="#upper-body__1__003-mesh-positions" />
        </vertices>
        <triangles material="camera_bracket_material-material" count="170">
          <input semantic="VERTEX" source="#upper-body__1__003-mesh-vertices" offset="0" />
          <input semantic="NORMAL" source="#upper-body__1__003-mesh-normals" offset="1" />
          <input semantic="TEXCOORD" source="#upper-body__1__003-mesh-map-0" offset="2" set="0" />
          <p>74 0 0 10 1 1 13 2 2 3 3 3 4 4 4 9 5 5 31 6 6 72 7 7 61 8 8 69 9 9 67 10 10 66 11 11 6 12 12 84 13 13 82 14 14 5 15 15 8 16 16 7 17 17 11 18 18 12 19 19 14 20 20 48 21 21 13 2 22 47 22 23 15 23 24 16 24 25 39 25 26 50 26 27 45 27 28 49 28 29 37 29 30 24 30 31 22 31 32 86 32 33 4 4 34 3 3 35 62 33 36 59 34 37 63 35 38 24 30 39 23 36 40 22 31 41 34 37 42 32 38 43 31 6 44 23 36 45 20 39 46 22 31 47 29 40 48 36 41 49 35 42 50 19 43 51 36 41 52 37 29 53 73 44 54 40 45 55 74 0 56 20 39 57 17 46 58 18 47 59 40 45 60 75 48 61 74 0 62 40 45 63 43 49 64 42 50 65 41 51 66 44 52 67 43 49 68 53 53 69 51 54 70 52 55 71 56 56 72 53 53 73 55 57 74 79 58 75 32 38 76 78 59 77 84 13 78 81 60 79 82 14 80 28 61 81 26 62 82 27 63 83 57 64 84 58 65 85 61 8 86 27 63 87 25 66 88 24 30 89 63 35 90 64 67 91 62 33 92 83 68 93 85 69 94 86 32 95 70 70 96 69 9 97 71 71 98 66 11 99 64 67 100 65 72 101 14 20 102 71 71 103 11 18 104 76 73 105 6 12 106 77 74 107 76 73 108 78 59 109 33 75 110 47 22 111 46 76 112 48 21 113 52 55 114 50 26 115 49 28 116 81 60 117 79 58 118 82 14 119 71 71 120 66 11 121 58 65 122 76 73 123 32 38 124 35 42 125 16 24 126 15 23 127 12 19 128 16 24 129 12 19 130 10 1 131 74 0 132 75 48 133 16 24 134 44 52 135 73 44 136 1 77 137 73 44 138 74 0 139 13 2 140 1 77 141 73 44 142 13 2 143 2 78 144 0 79 145 1 77 146 74 0 147 16 24 148 10 1 149 13 2 150 2 78 151 1 77 152 1 77 153 0 79 154 9 5 155 0 79 156 3 3 157 9 5 158 4 4 159 5 15 160 9 5 161 5 15 162 7 17 163 9 5 164 12 19 165 15 23 166 14 20 167 15 23 168 17 46 169 14 20 170 17 46 171 21 80 172 68 81 173 21 80 174 23 36 175 67 10 176 68 81 177 21 80 178 67 10 179 23 36 180 25 66 181 67 10 182 25 66 183 26 62 184 64 67 185 26 62 186 30 82 187 64 67 188 30 82 189 31 6 190 61 8 191 31 6 192 80 83 193 54 84 194 80 83 195 81 60 196 51 54 197 81 60 198 83 68 199 51 54 200 83 68 201 86 32 202 50 26 203 86 32 204 3 3 205 50 26 206 3 3 207 0 79 208 48 21 209 0 79 210 2 78 211 48 21 212 3 3 213 48 21 214 46 76 215 80 83 216 51 54 217 54 84 218 83 68 219 50 26 220 51 54 221 25 66 222 64 67 223 67 10 224 30 82 225 61 8 226 60 85 227 14 20 228 17 46 229 70 70 230 70 70 231 17 46 232 68 81 233 3 3 234 46 76 235 50 26 236 31 6 237 54 84 238 56 56 239 62 33 240 64 67 241 30 82 242 60 85 243 62 33 244 30 82 245 31 6 246 56 56 247 72 7 248 69 9 249 68 81 250 67 10 251 78 59 252 77 74 253 6 12 254 6 12 255 5 15 256 4 4 257 6 12 258 4 4 259 85 69 260 79 58 261 78 59 262 6 12 263 82 14 264 79 58 265 6 12 266 6 12 267 85 69 268 84 13 269 5 15 270 6 12 271 8 16 272 11 18 273 10 1 274 12 19 275 48 21 276 2 78 277 13 2 278 38 86 279 19 43 280 39 25 281 19 43 282 18 47 283 39 25 284 18 47 285 17 46 286 39 25 287 17 46 288 15 23 289 39 25 290 50 26 291 46 76 292 45 27 293 18 47 294 19 43 295 37 29 296 37 29 297 29 40 298 28 61 299 37 29 300 28 61 301 27 63 302 20 39 303 18 47 304 37 29 305 22 31 306 20 39 307 37 29 308 37 29 309 27 63 310 24 30 311 86 32 312 85 69 313 4 4 314 62 33 315 60 85 316 59 34 317 24 30 318 25 66 319 23 36 320 31 6 321 30 82 322 34 37 323 30 82 324 28 61 325 34 37 326 28 61 327 29 40 328 34 37 329 29 40 330 35 42 331 34 37 332 23 36 333 21 80 334 20 39 335 29 40 336 37 29 337 36 41 338 19 43 339 38 86 340 36 41 341 73 44 342 41 51 343 40 45 344 20 39 345 21 80 346 17 46 347 40 45 348 42 50 349 75 48 350 40 45 351 41 51 352 43 49 353 41 51 354 73 44 355 44 52 356 53 53 357 54 84 358 51 54 359 56 56 360 54 84 361 53 53 362 79 58 363 80 83 364 32 38 365 80 83 366 31 6 367 32 38 368 32 38 369 33 75 370 78 59 371 84 13 372 83 68 373 81 60 374 28 61 375 30 82 376 26 62 377 72 7 378 56 56 379 55 57 380 72 7 381 55 57 382 57 64 383 59 34 384 60 85 385 61 8 386 61 8 387 72 7 388 57 64 389 58 65 390 59 34 391 61 8 392 27 63 393 26 62 394 25 66 395 63 35 396 65 72 397 64 67 398 83 68 399 84 13 400 85 69 401 70 70 402 68 81 403 69 9 404 66 11 405 67 10 406 64 67 407 14 20 408 70 70 409 71 71 410 76 73 411 8 16 412 6 12 413 76 73 414 77 74 415 78 59 416 47 22 417 45 27 418 46 76 419 52 55 420 51 54 421 50 26 422 81 60 423 80 83 424 79 58 425 47 22 426 13 2 427 11 18 428 13 2 429 10 1 430 11 18 431 11 18 432 71 71 433 58 65 434 71 71 435 69 9 436 66 11 437 66 11 438 65 72 439 58 65 440 65 72 441 63 35 442 58 65 443 63 35 444 59 34 445 58 65 446 58 65 447 57 64 448 47 22 449 57 64 450 55 57 451 53 53 452 47 22 453 57 64 454 45 27 455 53 53 456 52 55 457 57 64 458 52 55 459 49 28 460 45 27 461 45 27 462 57 64 463 52 55 464 11 18 465 58 65 466 47 22 467 43 49 468 44 52 469 7 17 470 44 52 471 1 77 472 7 17 473 1 77 474 9 5 475 7 17 476 16 24 477 75 48 478 38 86 479 75 48 480 42 50 481 38 86 482 38 86 483 39 25 484 16 24 485 43 49 486 7 17 487 8 16 488 76 73 489 33 75 490 32 38 491 43 49 492 8 16 493 76 73 494 36 41 495 38 86 496 42 50 497 32 38 498 34 37 499 35 42 500 35 42 501 36 41 502 42 50 503 42 50 504 43 49 505 35 42 506 43 49 507 76 73 508 35 42 509</p>
        </triangles>
      </mesh>
    </geometry>
    <geometry id="upper-body__1__002-mesh" name="upper-body (1).002">
      <mesh>
        <source id="upper-body__1__002-mesh-positions">
          <float_array id="upper-body__1__002-mesh-positions-array" count="441">-0.09304285 0.05302929 0.08633953 -0.1004944 0.05302929 0.08633953 -0.1007295 0.05302929 0.09038227 -0.1014248 -0.05347067 0.08647143 -0.1044944 -0.05347067 0.08433949 -0.1045744 -0.05347067 0.08433949 -0.1044944 0.05302929 0.08433949 -0.1045744 0.05302929 0.08433949 -0.1045744 0.05427926 0.08433949 -0.05484843 0.05427932 0.08933949 -0.05553436 0.05204892 0.08433949 0.08265852 0.05185413 0.08498311 0.03513002 0.02924209 0.08433949 0.03585988 0.02776855 0.08433949 0.047486 0.0247206 0.08438938 0.06276804 0.02033168 0.08504039 0.07263815 0.006494343 0.08633953 0.07817357 0.02177637 0.08494013 0.09317857 0.02177637 0.08483999 0.07817357 0.03378134 0.08455401 0.09517556 0.03477936 0.08753949 0.07717555 0.02077937 0.08719664 0.07717555 0.03477936 0.08676809 0.09517556 0.02077937 0.08708953 0.09517556 -0.02122062 0.08783948 0.07717555 -0.02122062 0.08676809 0.07717555 -0.03522062 0.08708953 0.08291184 -0.05070334 0.08558273 0.07817357 -0.03422361 0.08500683 0.02440124 -0.05221992 0.09962701 0.02440559 -0.04972064 0.09958952 0.02440559 -0.04972064 0.08633953 0.02440553 0.04927933 0.08633953 0.08217555 0.04927933 0.08633953 0.02440553 0.04927933 0.09958952 0.02167552 0.05177932 0.08633953 0.02440202 0.05177927 0.09963184 0.02167409 0.05177479 0.09961217 0.02167558 -0.05222064 0.08633953 -0.03100299 0.03949528 0.08743041 -0.03082436 -0.02232265 0.09033954 -0.03007435 -0.02230566 0.09783953 -0.03207439 -0.05225461 0.09783953 -0.03207337 -0.05225461 0.08634251 -0.05449104 -0.05222064 0.09822839 -0.05421626 -0.05298489 0.08709025 -0.05332738 -0.01225262 0.08433949 -0.05787241 0.04927933 0.08433949 -0.05332738 -0.01225262 0.08633953 -0.03207361 -0.01225262 0.08437877 -0.05362617 -0.02225464 0.08634066 -0.05482441 -0.02225464 0.09958952 -0.05484282 -0.05070704 0.0883395 -0.0548532 -0.05472064 0.1514824 -0.0548532 0.05427932 0.1514824 -0.06570976 0.05304473 0.1519879 -0.065777 -0.0534861 0.1514 -0.1045744 -0.05472064 0.08433949 -0.05787235 -0.05347067 0.1503395 -0.05787241 0.05302929 0.1503395 -0.05787241 0.04437649 0.1402239 -0.05787241 0.0108813 0.1396425 -0.05778503 -0.01132363 0.1396425 -0.05487239 0.0108813 0.1396425 -0.05781358 0.0108813 0.1288375 -0.05787241 -0.01132363 0.1288375 -0.05487239 -0.01132363 0.1288375 -0.05787235 -0.04578566 0.1375875 -0.05787235 -0.04584866 0.1374788 -0.05787235 -0.04470515 0.1422508 -0.05787241 -0.03772366 0.1433375 -0.05782806 -0.02917462 0.1433375 -0.05487239 -0.03772366 0.1433375 -0.05776232 -0.03772366 0.1493425 -0.05779922 -0.02917462 0.1493425 -0.06211948 -0.05347067 0.1400333 -0.06116729 -0.05347067 0.1416835 -0.05827862 -0.05347067 0.1466861 -0.05787235 -0.05347067 0.1464516 -0.05787235 -0.04674637 0.1464986 -0.05787235 -0.05347067 0.1362373 -0.05787235 -0.05296164 0.1358447 -0.05787235 -0.05347067 0.08933949 -0.05787235 -0.04972064 0.08933949 -0.07207441 0.04927933 0.08433949 -0.07207441 -0.04972064 0.08433949 -0.07207441 0.04927933 0.08933949 -0.07207441 -0.04972064 0.08933949 -0.05787241 0.04927933 0.08933949 -0.05787241 0.05302929 0.08933949 -0.08126765 0.05302929 0.08933949 -0.05484658 0.04963648 0.08708953 -0.07740962 0.05429148 0.08554035 -0.05787235 -0.04972064 0.08433949 -0.05787235 -0.05231666 0.1354773 -0.05787235 -0.05163562 0.1352099 -0.05787235 -0.05092966 0.1350481 -0.05787235 -0.05021166 0.1349936 -0.05787235 -0.04949367 0.1350481 -0.05787235 -0.04878866 0.1352099 -0.05787235 -0.04810667 0.1354773 -0.05787235 -0.04746162 0.1358447 -0.05787235 -0.04686367 0.1363059 -0.05787235 -0.04632264 0.1368536 -0.05407589 -0.05322062 0.08433949 -0.02957439 -0.02225464 0.09958952 -0.02957439 -0.05225461 0.09958952 -0.0533244 -0.02225464 0.09783953 -0.0298866 -0.05223762 0.08434283 0.03582859 -0.05222064 0.08433949 0.02167415 -0.05221611 0.09961217 0.02303558 -0.04072058 0.1258395 0.02349054 0.04027932 0.1258395 0.09418529 0.03401237 0.08500683 0.02167052 0.04027932 0.1228395 0.01492553 0.04027932 0.1258395 0.01492559 -0.04072064 0.1258395 0.0178433 0.03410738 0.1258395 0.01963496 0.03380405 0.1258395 0.02047926 0.03524535 0.1258395 0.02000594 0.03632575 0.1258395 0.01892554 0.03679871 0.1258395 0.01751559 0.03597307 0.1258395 0.01849353 -0.03421008 0.1258395 0.01753038 -0.03636878 0.1258395 0.01833194 -0.0371899 0.1258395 0.01960682 -0.037135 0.1258395 0.02049911 -0.03596127 0.1258395 0.02000594 -0.03467422 0.1258395 0.02167057 -0.04072064 0.1228395 0.02167302 0.04027932 0.0982145 0.02167254 -0.04072064 0.0982145 0.0340293 -0.02966004 0.08433949 0.02447354 -0.02527362 0.08633953 0.03589504 -0.02820247 0.08433949 0.04704749 -0.02483052 0.08433949 0.03521716 -0.02957868 0.08433949 0.02447354 -0.02527362 0.08433949 0.02447354 0.02483135 0.08433949 0.02447354 0.02483135 0.08633953 0.04766744 -0.02539175 0.08633953 0.06326323 -0.02066665 0.08433949 0.06643635 -0.01826924 0.08633953 0.07352221 -2.20378e-4 0.08433949 0.09317857 -0.02221858 0.0851975 0.07817357 -0.02221858 0.08483999 0.09471857 -0.03487998 0.08541667</float_array>
          <technique_common>
            <accessor source="#upper-body__1__002-mesh-positions-array" count="147" stride="3">
              <param name="X" type="float" />
              <param name="Y" type="float" />
              <param name="Z" type="float" />
            </accessor>
          </technique_common>
        </source>
        <source id="upper-body__1__002-mesh-normals">
          <float_array id="upper-body__1__002-mesh-normals-array" count="372">-0.8439655 -0.01359105 0.5362254 -0.5673211 -7.9619e-4 0.8234963 0.2452392 -0.0371747 0.9687496 -0.8670908 0 0.4981501 -0.2154903 0.9704965 0.1081693 -0.7227962 0.5627384 0.4011125 0.01605629 0.9226545 -0.3852937 0.4111028 0.9073692 -0.08761096 -0.2137331 0.4174423 -0.8832101 -0.08347576 0.5448393 0.8343752 -0.3389282 0.234504 0.9111177 -0.313891 -0.1211198 0.9417019 -0.8317283 -0.5531055 -0.04798448 -0.2993985 0.05057418 -0.9527869 0.305892 -0.8478554 0.433095 0.5125018 -0.8584739 -0.01909244 0.9096421 0.2439391 0.3362218 0.3049493 0.8967211 -0.3207762 -0.3082191 -0.8988695 -0.3115041 -0.447142 -0.8013885 0.3972915 0.5769528 0.5959128 0.5585817 0.5521856 -0.6048845 0.5737646 0.8032214 -0.01118564 -0.5955756 -0.7083295 -0.5652933 0.4227445 -0.1751281 -0.9835212 0.04490262 -0.8655759 -9.61675e-6 0.500778 0.9117174 -0.2591449 -0.3187715 0.9966191 -0.0533117 -0.06251686 -4.72588e-6 -0.7067665 -0.7074469 -0.6124475 0.5540131 0.5638951 0.724873 0.3059567 -0.6172112 0.8727777 0.293922 0.3897038 0.7071257 -0.7070879 0 2.62307e-7 -1 0 0.7071131 -0.7071005 0 0.7071252 0.7070884 0 -2.62308e-7 1 0 0.7071127 0.7071009 0 -0.7188851 -0.6282698 -0.2974582 -0.7943998 -0.04669344 0.6055978 0.39345 -0.8352705 0.3840837 0.9146835 -0.2435977 0.3225123 0.4788066 0.848592 -0.2250243 0.306239 0.8479946 0.4325773 -0.6649037 0.7310122 0.1533764 -1 4.14759e-5 -1.44257e-4 -0.8694782 0.4427638 0.2190164 0.7001393 0.7140063 0 0.3247867 -0.2844694 0.9019926 0.2956475 0.3009231 0.9066631 0.09832489 -0.7127553 0.694487 0.7058944 -0.7083171 0 0.9982761 -0.008648812 0.05805355 0.6896589 0.7089934 -0.1473062 0.7953041 0.2830765 0.5360589 -0.2904068 0.8892061 0.3535203 0.1102035 -8.3812e-4 -0.9939088 0.008584082 -4.96654e-4 -0.9999631 0.592448 0.1605379 -0.7894512 -0.07384675 0.8072862 -0.5855217 0.8359203 -0.002950906 0.5488429 -0.07116001 0.03203904 0.9969503 -0.06376236 -0.005583584 0.9979496 0.8152183 0.2793904 0.5073069 0.1694947 0.2372221 0.9565548 -0.02554899 -0.005141973 0.9996604 0.8081683 -0.5865415 -0.05322635 0.726251 -0.06784135 0.6840739 0.02420377 -0.02088093 -0.999489 0.02686244 -0.8939538 -0.4473535 -0.3066155 -0.9026402 0.3020393 0.5839511 0.5714435 0.5765879 0.5849351 -0.5852776 0.5615167 0.00114566 0.01180511 0.9999297 -1 -5.35512e-5 -1.52224e-4 0.05368304 0.1896079 0.9803913 0.5792843 -0.5659003 0.5866742 0.4848015 0.6150287 -0.6218579 -0.594415 0.5661701 0.5710712 -0.2153391 0.8139716 -0.5395177 0.7160506 -0.696818 0.041426 0.6973828 -0.716681 0.005082845 0.4332 -0.2995203 0.8500738 0.9495465 0.01332867 0.3133432 0.9257038 0.03701388 0.3764341 0.700664 -0.7069346 0.09650582 -0.2023733 0.00526756 -0.9792944 0.9980387 0.003949105 0.06247544 -3.60247e-6 0 1 -0.9999619 0.002885937 0.008246541 -1 -1.82617e-6 3.36411e-6 0.9187439 0.1492853 0.3655456 0.6544057 0.5658263 0.5015913 2.62307e-7 -1 0 -2.62308e-7 1 0 0.6338587 0.2092061 0.744618 0.6333189 -0.1791533 0.7528688 -0.6646714 -0.7312247 0.1533704 -6.91979e-6 0 1 -5.94069e-6 0 1 1.83958e-5 0 1 0.04986977 -0.01102894 -0.9986949 0.0276398 -0.01539278 -0.9994995 -0.006351768 -0.002517104 -0.9999768 0.005421221 0.01409286 -0.9998861 -0.5704495 -1.46242e-7 0.8213326 -0.9026632 -0.3857408 0.190796 0.01436775 -0.04371583 0.9989408 -4.42153e-6 0 -1 -1.21982e-6 0 -1 0 0 -1 -0.132978 0 -0.991119 1.45106e-6 -2.88574e-6 1 0 0 1 2.65621e-6 -2.7614e-6 1 1.07859e-6 0 1 1.72184e-6 0 1 3.54486e-6 0 1 0 -6.13305e-6 1 -1.47595e-6 0 1 9.21087e-5 1.06198e-5 1 -1.52422e-5 0 1 1.75492e-5 0 1 0.004929602 0.002442479 -0.9999849</float_array>
          <technique_common>
            <accessor source="#upper-body__1__002-mesh-normals-array" count="124" stride="3">
              <param name="X" type="float" />
              <param name="Y" type="float" />
              <param name="Z" type="float" />
            </accessor>
          </technique_common>
        </source>
        <source id="upper-body__1__002-mesh-map-0">
          <float_array id="upper-body__1__002-mesh-map-0-array" count="1146">0 0 0 0 0 0 0 0 0 0 0 0 0 0 0 0 0 0 0 0 0 0 0 0 0 0 0 0 0 0 0 0 0 0 0 0 0 0 0 0 0 0 0 0 0 0 0 0 0 0 0 0 0 0 0 0 0 0 0 0 0 0 0 0 0 0 0 0 0 0 0 0 0 0 0 0 0 0 0 0 0 0 0 0 0 0 0 0 0 0 0 0 0 0 0 0 0 0 0 0 0 0 0 0 0 0 0 0 0 0 0 0 0 0 0 0 0 0 0 0 0 0 0 0 0 0 0 0 0 0 0 0 0 0 0 0 0 0 0 0 0 0 0 0 0 0 0 0 0 0 0 0 0 0 0 0 0 0 0 0 0 0 0 0 0 0 0 0 0 0 0 0 0 0 0 0 0 0 0 0 0 0 0 0 0 0 0 0 0 0 0 0 0 0 0 0 0 0 0 0 0 0 0 0 0 0 0 0 0 0 0 0 0 0 0 0 0 0 0 0 0 0 0 0 0 0 0 0 0 0 0 0 0 0 0 0 0 0 0 0 0 0 0 0 0 0 0 0 0 0 0 0 0 0 0 0 0 0 0 0 0 0 0 0 0 0 0 0 0 0 0 0 0 0 0 0 0 0 0 0 0 0 0 0 0 0 0 0 0 0 0 0 0 0 0 0 0 0 0 0 0 0 0 0 0 0 0 0 0 0 0 0 0 0 0 0 0 0 0 0 0 0 0 0 0 0 0 0 0 0 0 0 0 0 0 0 0 0 0 0 0 0 0 0 0 0 0 0 0 0 0 0 0 0 0 0 0 0 0 0 0 0 0 0 0 0 0 0 0 0 0 0 0 0 0 0 0 0 0 0 0 0 0 0 0 0 0 0 0 0 0 0 0 0 0 0 0 0 0 0 0 0 0 0 0 0 0 0 0 0 0 0 0 0 0 0 0 0 0 0 0 0 0 0 0 0 0 0 0 0 0 0 0 0 0 0 0 0 0 0 0 0 0 0 0 0 0 0 0 0 0 0 0 0 0 0 0 0 0 0 0 0 0 0 0 0 0 0 0 0 0 0 0 0 0 0 0 0 0 0 0 0 0 0 0 0 0 0 0 0 0 0 0 0 0 0 0 0 0 0 0 0 0 0 0 0 0 0 0 0 0 0 0 0 0 0 0 0 0 0 0 0 0 0 0 0 0 0 0 0 0 0 0 0 0 0 0 0 0 0 0 0 0 0 0 0 0 0 0 0 0 0 0 0 0 0 0 0 0 0 0 0 0 0 0 0 0 0 0 0 0 0 0 0 0 0 0 0 0 0 0 0 0 0 0 0 0 0 0 0 0 0 0 0 0 0 0 0 0 0 0 0 0 0 0 0 0 0 0 0 0 0 0 0 0 0 0 0 0 0 0 0 0 0 0 0 0 0 0 0 0 0 0 0 0 0 0 0 0 0 0 0 0 0 0 0 0 0 0 0 0 0 0 0 0 0 0 0 0 0 0 0 0 0 0 0 0 0 0 0 0 0 0 0 0 0 0 0 0 0 0 0 0 0 0 0 0 0 0 0 0 0 0 0 0 0 0 0 0 0 0 0 0 0 0 0 0 0 0 0 0 0 0 0 0 0 0 0 0 0 0 0 0 0 0 0 0 0 0 0 0 0 0 0 0 0 0 0 0 0 0 0 0 0 0 0 0 0 0 0 0 0 0 0 0 0 0 0 0 0 0 0 0 0 0 0 0 0 0 0 0 0 0 0 0 0 0 0 0 0 0 0 0 0 0 0 0 0 0 0 0 0 0 0 0 0 0 0 0 0 0 0 0 0 0 0 0 0 0 0 0 0 0 0 0 0 0 0 0 0 0 0 0 0 0 0 0 0 0 0 0 0 0 0 0 0 0 0 0 0 0 0 0 0 0 0 0 0 0 0 0 0 0 0 0 0 0 0 0 0 0 0 0 0 0 0 0 0 0 0 0 0 0 0 0 0 0 0 0 0 0 0 0 0 0 0 0 0 0 0 0 0 0 0 0 0 0 0 0 0 0 0 0 0 0 0 0 0 0 0 0 0 0 0 0 0 0 0 0 0 0 0 0 0 0 0 0 0 0 0 0 0 0 0 0 0 0 0 0 0 0 0 0 0 0 0 0 0 0 0 0 0 0 0 0 0 0 0 0 0 0 0 0 0 0 0 0 0 0 0 0 0 0 0 0 0 0 0 0 0 0 0 0 0 0 0 0 0 0 0 0 0 0 0 0 0 0 0 0 0 0 0 0 0 0 0 0 0 0 0 0 0 0 0 0 0 0 0 0 0 0 0 0 0 0 0 0 0 0 0 0 0 0 0 0 0 0 0 0 0 0 0 0 0 0 0 0 0 0 0 0 0 0 0 0 0 0 0 0 0 0 0 0 0 0 0 0 0 0 0 0 0 0 0 0 0 0 0 0 0 0 0 0 0 0 0 0 0 0 0 0 0 0 0 0 0 0 0 0 0 0 0 0 0 0 0 0 0 0 0 0 0 0 0 0 0 0 0 0 0 0 0 0 0 0 0 0 0 0 0 0 0 0 0 0 0 0 0 0 0 0 0 0 0 0 0</float_array>
          <technique_common>
            <accessor source="#upper-body__1__002-mesh-map-0-array" count="573" stride="2">
              <param name="S" type="float" />
              <param name="T" type="float" />
            </accessor>
          </technique_common>
        </source>
        <vertices id="upper-body__1__002-mesh-vertices">
          <input semantic="POSITION" source="#upper-body__1__002-mesh-positions" />
        </vertices>
        <lines count="27">
          <input semantic="VERTEX" source="#upper-body__1__002-mesh-vertices" offset="0" />
          <p>0 1 5 4 7 6 46 47 60 61 67 65 67 68 76 75 77 76 78 77 58 78 80 81 83 82 89 88 89 90 93 47 81 94 95 94 96 95 97 96 97 98 99 98 100 99 101 100 102 101 68 103 103 102</p>
        </lines>
        <triangles material="camera_bracket_material-material" count="191">
          <input semantic="VERTEX" source="#upper-body__1__002-mesh-vertices" offset="0" />
          <input semantic="NORMAL" source="#upper-body__1__002-mesh-normals" offset="1" />
          <input semantic="TEXCOORD" source="#upper-body__1__002-mesh-map-0" offset="2" set="0" />
          <p>6 0 0 3 1 1 2 2 2 7 3 3 55 4 4 8 5 5 92 6 6 10 7 7 8 5 8 141 8 9 140 9 10 142 10 11 16 11 12 15 12 13 143 13 14 29 14 15 27 15 16 30 16 17 107 17 18 42 18 19 44 19 20 54 20 21 53 21 22 74 22 23 57 23 24 56 24 25 5 25 26 63 26 27 62 27 28 61 28 29 70 29 30 73 30 31 72 31 32 84 32 33 88 33 34 86 34 35 87 35 36 93 36 37 85 37 38 43 38 39 49 39 40 108 40 41 34 41 42 11 42 43 36 43 44 37 44 45 130 45 46 114 46 47 137 47 48 139 48 49 133 49 50 14 50 51 139 48 52 138 51 53 143 13 54 142 10 55 16 11 56 1 52 57 2 2 58 3 1 59 10 7 60 9 53 61 91 54 62 10 7 63 91 54 64 35 55 65 18 56 66 19 57 67 113 58 68 142 10 69 143 13 70 141 8 71 141 8 72 135 59 73 140 9 74 23 60 75 22 61 76 21 62 77 22 61 78 20 63 79 33 64 80 113 58 81 20 63 82 23 60 83 25 65 84 146 66 85 24 67 86 135 59 87 141 8 88 28 68 89 109 69 90 29 14 91 38 70 92 30 16 93 31 71 94 34 41 95 30 16 96 27 15 97 31 71 98 33 64 99 34 41 100 32 72 101 35 55 102 37 44 103 36 43 104 35 55 105 91 54 106 39 73 107 38 70 108 131 74 109 130 45 110 38 70 111 108 40 112 109 69 113 40 75 114 106 76 115 108 40 116 42 18 117 41 77 118 40 75 119 106 76 120 44 19 121 42 18 122 51 78 123 52 79 124 44 19 125 45 80 126 44 19 127 52 79 128 46 81 129 48 82 130 50 83 131 49 39 132 48 82 133 46 81 134 107 17 135 50 83 136 51 78 137 72 31 138 52 79 139 66 84 140 72 31 141 73 30 142 53 21 143 72 31 144 45 80 145 52 79 146 57 23 147 104 85 148 45 80 149 55 4 150 53 21 151 54 20 152 54 20 153 92 6 154 55 4 155 59 86 156 56 24 157 55 4 158 86 34 159 85 37 160 84 32 161 64 87 162 63 26 163 61 28 164 64 87 165 65 88 166 66 84 167 73 30 168 70 29 169 79 89 170 70 29 171 69 90 172 79 89 173 71 91 174 70 29 175 72 31 176 44 19 177 105 92 178 51 78 179 84 32 180 47 93 181 88 33 182 87 35 183 83 94 184 93 36 185 50 83 186 44 19 187 45 80 188 29 14 189 112 95 190 111 96 191 110 97 192 29 14 193 111 96 194 112 95 195 36 43 196 37 44 197 34 41 198 33 64 199 11 42 200 20 63 201 113 58 202 11 42 203 119 98 204 118 99 205 128 100 206 144 101 207 28 68 208 145 102 209 135 59 210 137 47 211 133 49 212 133 49 213 140 9 214 135 59 215 137 47 216 138 51 217 139 48 218 17 103 219 15 12 220 19 57 221 14 50 222 12 104 223 11 42 224 27 15 225 28 68 226 146 66 227 144 101 228 143 13 229 18 56 230 21 62 231 15 12 232 16 11 233 6 0 234 4 105 235 3 1 236 92 6 237 54 20 238 9 53 239 8 5 240 55 4 241 92 6 242 92 6 243 9 53 244 10 7 245 107 17 246 41 77 247 42 18 248 71 91 249 72 31 250 66 84 251 62 27 252 63 26 253 74 22 254 63 26 255 54 20 256 74 22 257 71 91 258 66 84 259 62 27 260 53 21 261 73 30 262 74 22 263 74 22 264 71 91 265 62 27 266 130 45 267 131 74 268 114 46 269 131 74 270 110 97 271 129 106 272 114 46 273 131 74 274 129 106 275 110 97 276 111 96 277 129 106 278 114 46 279 112 95 280 37 44 281 35 55 282 36 43 283 11 42 284 11 42 285 10 7 286 35 55 287 18 56 288 17 103 289 19 57 290 23 60 291 20 63 292 22 61 293 32 72 294 31 71 295 139 48 296 31 71 297 133 49 298 139 48 299 139 48 300 14 50 301 32 72 302 14 50 303 22 61 304 33 64 305 20 63 306 11 42 307 33 64 308 33 64 309 32 72 310 14 50 311 23 60 312 24 67 313 146 66 314 146 66 315 113 58 316 23 60 317 25 65 318 26 107 319 146 66 320 27 15 321 109 69 322 28 68 323 109 69 324 132 108 325 136 109 326 136 109 327 134 110 328 135 59 329 109 69 330 136 109 331 135 59 332 28 68 333 109 69 334 135 59 335 141 8 336 145 102 337 28 68 338 27 15 339 29 14 340 109 69 341 29 14 342 110 97 343 38 70 344 31 71 345 32 72 346 34 41 347 34 41 348 36 43 349 30 16 350 36 43 351 29 14 352 30 16 353 108 40 354 38 70 355 39 73 356 38 70 357 35 55 358 39 73 359 91 54 360 52 79 361 50 83 362 48 82 363 49 39 364 39 73 365 91 54 366 50 83 367 48 82 368 91 54 369 48 82 370 39 73 371 37 44 372 35 55 373 130 45 374 35 55 375 38 70 376 130 45 377 38 70 378 110 97 379 131 74 380 41 77 381 105 92 382 106 76 383 108 40 384 39 73 385 40 75 386 40 75 387 41 77 388 106 76 389 39 73 390 49 39 391 40 75 392 49 39 393 43 38 394 40 75 395 43 38 396 42 18 397 40 75 398 42 18 399 43 38 400 106 76 401 43 38 402 108 40 403 106 76 404 51 78 405 50 83 406 52 79 407 45 80 408 104 85 409 50 83 410 104 85 411 46 81 412 50 83 413 51 78 414 105 92 415 107 17 416 105 92 417 41 77 418 107 17 419 52 79 420 91 54 421 66 84 422 91 54 423 9 53 424 64 87 425 66 84 426 91 54 427 64 87 428 9 53 429 54 20 430 64 87 431 54 20 432 63 26 433 64 87 434 72 31 435 53 21 436 45 80 437 45 80 438 53 21 439 56 24 440 56 24 441 57 23 442 45 80 443 55 4 444 56 24 445 53 21 446 59 86 447 58 111 448 56 24 449 86 34 450 87 35 451 85 37 452 44 19 453 106 76 454 105 92 455 50 83 456 107 17 457 44 19 458 29 14 459 36 43 460 112 95 461 125 112 462 124 113 463 116 114 464 112 95 465 115 115 466 121 116 467 115 115 468 122 117 469 121 116 470 125 112 471 116 114 472 111 96 473 126 118 474 125 112 475 111 96 476 112 95 477 121 116 478 120 119 479 112 95 480 120 119 481 119 98 482 127 120 483 126 118 484 111 96 485 117 121 486 123 122 487 118 99 488 123 122 489 128 100 490 118 99 491 128 100 492 127 120 493 111 96 494 111 96 495 112 95 496 128 100 497 112 95 498 119 98 499 128 100 500 144 101 501 146 66 502 28 68 503 17 103 504 143 13 505 15 12 506 11 42 507 113 58 508 19 57 509 19 57 510 15 12 511 14 50 512 14 50 513 13 123 514 12 104 515 12 104 516 10 7 517 11 42 518 11 42 519 19 57 520 14 50 521 113 58 522 146 66 523 18 56 524 146 66 525 144 101 526 18 56 527 144 101 528 145 102 529 143 13 530 145 102 531 141 8 532 143 13 533 143 13 534 17 103 535 18 56 536 140 9 537 133 49 538 31 71 539 31 71 540 27 15 541 140 9 542 27 15 543 146 66 544 26 107 545 27 15 546 26 107 547 140 9 548 142 10 549 140 9 550 26 107 551 25 65 552 24 67 553 16 11 554 24 67 555 23 60 556 16 11 557 142 10 558 26 107 559 25 65 560 16 11 561 142 10 562 25 65 563 23 60 564 21 62 565 16 11 566 21 62 567 22 61 568 15 12 569 22 61 570 14 50 571 15 12 572</p>
        </triangles>
      </mesh>
    </geometry>
    <geometry id="upper-body__1_-mesh" name="upper-body (1)">
      <mesh>
        <source id="upper-body__1_-mesh-positions">
          <float_array id="upper-body__1_-mesh-positions-array" count="252">0.02459788 0.01757353 0.07520389 0.07258683 0.001146614 0.07520389 0.0724892 -0.003701448 0.09520387 0.07157379 -0.003180444 0.09520387 0.07112759 0.004544973 0.09520387 0.04755097 -0.0254212 0.08420389 0.04755085 -0.02541947 0.08220386 0.02459788 -0.02542644 0.09520387 0.06644344 0.01610517 0.07520389 0.05840289 0.02239066 0.07520389 0.06169021 0.02058219 0.09520387 0.05229949 -0.02403116 0.09520387 0.05498802 -0.02460157 0.09520465 0.04757446 -0.02442795 0.07520389 0.07259786 0.02257353 0.08420389 0.05591666 0.02326095 0.08420389 0.07259786 0.02257353 0.07520389 0.06196856 0.01896148 0.09520387 0.06000924 0.02027058 0.07520389 0.06698578 0.01394432 0.07520389 0.06829488 0.011985 0.09520387 0.07134401 0.004294693 0.07520389 0.05256658 0.02310395 0.07520389 0.070975 0.008811354 0.07520389 0.02459788 -0.02542942 0.08220386 0.07259786 0.0245735 0.07320386 0.0455479 -0.02442646 0.07520389 0.0455479 -0.02442646 0.09520387 0.04240888 -0.01842641 0.09520387 0.02459788 0.03207349 0.08420389 0.02459788 0.02457553 0.08320391 0.02459788 0.03207349 0.08220386 0.02459788 0.0245735 0.09520387 0.02459788 0.01757353 0.09520387 0.02459788 0.0245735 0.07320386 0.04240888 -0.01842641 0.07520389 0.04755097 0.02456796 0.08420389 0.07120263 -0.005127906 0.07520389 0.07259786 -0.02542644 0.07320386 0.02459788 -0.02542644 0.07320386 0.07008075 -0.01151537 0.09520387 0.07166385 -0.008100032 0.07520389 0.02459788 -0.01842641 0.07520389 0.02459788 -0.02542942 0.08420389 0.04240518 -0.02442646 0.09520387 0.04239785 -0.01842641 0.09520387 0.02459788 -0.01842641 0.09520387 0.04240155 -0.02442646 0.07520389 0.04239785 -0.01842641 0.07520389 0.07259786 0.0245735 0.08220386 0.07259786 0.03207349 0.08420389 0.07259786 0.03207349 0.08220386 0.07259786 -0.02542644 0.08220386 0.07259792 -0.03292644 0.08420389 0.07259792 -0.03292644 0.08220386 0.07259786 -0.02342641 0.08420389 0.04755085 0.02456629 0.08220386 0.07259786 -0.02342641 0.07520389 0.05638283 -0.02392846 0.08420389 0.02459788 -0.03292644 0.08220386 0.02459788 -0.03292644 0.08420389 0.04554784 0.02357351 0.09520387 0.04554784 0.02357351 0.07520389 0.06800925 -0.01352322 0.09520387 0.04240888 0.01757353 0.09520387 0.06507772 -0.01849025 0.09520387 0.06000936 -0.02112346 0.09520387 0.04240888 0.01757353 0.07520389 0.04240339 0.02357351 0.09520387 0.04239785 0.01757353 0.09520387 0.04240339 0.02357351 0.07520389 0.05505597 0.02243685 0.09520387 0.04239785 0.01757353 0.07520389 0.0519433 0.02425128 0.09520405 0.05864149 -0.02309232 0.07520389 0.04758518 0.02362561 0.09520387 0.06957113 0.01178079 0.09520387 0.0722202 0.004173398 0.09520387 0.04757446 0.02357429 0.07520389 0.06644338 -0.01695811 0.07520389 0.06829494 -0.01283782 0.07520389 0.06324249 -0.01869076 0.07520389 0.0553798 -0.02335232 0.07520389 0.0475744 -0.02442717 0.09520387</float_array>
          <technique_common>
            <accessor source="#upper-body__1_-mesh-positions-array" count="84" stride="3">
              <param name="X" type="float" />
              <param name="Y" type="float" />
              <param name="Z" type="float" />
            </accessor>
          </technique_common>
        </source>
        <source id="upper-body__1_-mesh-normals">
          <float_array id="upper-body__1_-mesh-normals-array" count="252">0.5011276 -0.4381077 0.7462793 0.5073994 -0.5424458 0.6695509 0.7655159 0.2204624 0.6044683 -0.5773571 -0.5773667 -0.577327 0.577345 -0.5773778 0.577328 -0.5773437 -0.5773687 0.5773385 0.5773445 0.5773789 0.5773273 -0.5792745 0.5451849 -0.6059823 -0.5792765 0.5451771 0.6059874 0.2285495 -0.6967239 0.6799566 0.04549223 -0.6792069 0.7325357 -0.2235366 -0.9746796 0.005581796 -0.2063512 -0.6406092 0.7396209 -0.04196685 -0.6856228 0.7267464 -0.4021203 -0.5294991 0.7469471 -0.5215036 -0.8531661 0.01190894 -0.8078088 -0.5892908 0.0134688 -0.9792032 -0.2025115 0.01225215 -0.6547342 0.08923637 0.7505731 -0.6570573 -0.1415234 0.740437 -0.5663774 -0.3442178 0.7488196 0.7732904 -0.2421249 0.5860013 0.5740098 -0.5776622 0.5803612 0.3013641 0.6394665 0.7072923 1.11495e-5 4.86843e-4 1 -0.2380444 0.9712543 3.1201e-4 -0.02475285 0.9967648 0.07646679 -0.06410598 0.9979288 0.005356609 -0.1442835 0.6611441 0.7362546 -0.3270427 0.9449296 0.01229941 0.5180507 -0.8553499 0 -0.2004833 -0.8169405 0.5407539 -0.2381356 -0.9712319 0 -0.2006075 0.8169127 0.5407497 0.518185 0.8552687 -2.05069e-5 -0.5774271 0.5772498 -0.5773739 -0.5774445 0.5772373 0.577369 -0.3521121 0.5618252 0.7485784 0.2150597 -0.7187869 0.6611315 0.902459 0.3022761 0.3069154 -0.6445859 0.7644612 0.01040601 -0.5474506 0.3499433 0.7601563 0.4991206 0.4451437 0.7434554 0.6393988 0.3743271 0.6716014 0.6203185 0.2475899 0.7442474 -0.0289607 0.6983842 0.715137 -0.04593491 -0.9989436 0.001385211 0.285644 -0.4594763 0.8410048 -0.6246398 -0.7809131 4.46339e-6 0.424504 0.6140509 0.6653856 -3.94003e-6 -5.29081e-4 1 0.7067654 -0.7074481 0 0 -1 0 0.5769966 0.5776659 0.5773881 0.7068721 0.7073414 0 0.9059329 -0.3008983 0.2979025 -0.948679 -0.316241 -6.61198e-7 -0.5772837 0.5773946 -0.5773726 -0.5772935 -0.5774034 -0.577354 0.7303254 -0.0944162 0.676543 0.721726 0.1338391 0.6791161 0.04138594 0.6881289 0.7244073 0.9045025 -0.3015311 -0.3015863 0.5773659 -0.5773193 -0.5773656 0.5773604 -0.5773591 -0.5773313 0.5773599 0.5773597 -0.5773312 0.6240153 -0.2041468 0.7542738 -0.9812496 0.1926688 0.005280017 -0.8616325 0.5075073 0.005084216 0.6576204 -0.3302429 0.6771078 -0.002964675 0.7075531 -0.7066541 0.9985798 0.02766239 0.04553198 0.5770516 -0.5776111 0.5773881 0.131865 0.7246076 0.6764284 0.2777041 0.4593214 0.8437443 0.5691562 0.587017 0.5757364 0.9045015 0.3015325 -0.3015881 1.0865e-4 -0.7073702 -0.7068434 -0.5745505 -0.5790844 0.5784057 -0.577351 0.5773801 0.5773199 -0.5773606 -0.5773603 0.57733 -0.5761017 0.578141 0.577806 -0.9486845 0.3162242 -4.29478e-6 0.5773807 0.5773247 -0.5773455</float_array>
          <technique_common>
            <accessor source="#upper-body__1_-mesh-normals-array" count="84" stride="3">
              <param name="X" type="float" />
              <param name="Y" type="float" />
              <param name="Z" type="float" />
            </accessor>
          </technique_common>
        </source>
        <source id="upper-body__1_-mesh-map-0">
          <float_array id="upper-body__1_-mesh-map-0-array" count="876">0 0 0 0 0 0 0 0 0 0 0 0 0 0 0 0 0 0 0 0 0 0 0 0 0 0 0 0 0 0 0 0 0 0 0 0 0 0 0 0 0 0 0 0 0 0 0 0 0 0 0 0 0 0 0 0 0 0 0 0 0 0 0 0 0 0 0 0 0 0 0 0 0 0 0 0 0 0 0 0 0 0 0 0 0 0 0 0 0 0 0 0 0 0 0 0 0 0 0 0 0 0 0 0 0 0 0 0 0 0 0 0 0 0 0 0 0 0 0 0 0 0 0 0 0 0 0 0 0 0 0 0 0 0 0 0 0 0 0 0 0 0 0 0 0 0 0 0 0 0 0 0 0 0 0 0 0 0 0 0 0 0 0 0 0 0 0 0 0 0 0 0 0 0 0 0 0 0 0 0 0 0 0 0 0 0 0 0 0 0 0 0 0 0 0 0 0 0 0 0 0 0 0 0 0 0 0 0 0 0 0 0 0 0 0 0 0 0 0 0 0 0 0 0 0 0 0 0 0 0 0 0 0 0 0 0 0 0 0 0 0 0 0 0 0 0 0 0 0 0 0 0 0 0 0 0 0 0 0 0 0 0 0 0 0 0 0 0 0 0 0 0 0 0 0 0 0 0 0 0 0 0 0 0 0 0 0 0 0 0 0 0 0 0 0 0 0 0 0 0 0 0 0 0 0 0 0 0 0 0 0 0 0 0 0 0 0 0 0 0 0 0 0 0 0 0 0 0 0 0 0 0 0 0 0 0 0 0 0 0 0 0 0 0 0 0 0 0 0 0 0 0 0 0 0 0 0 0 0 0 0 0 0 0 0 0 0 0 0 0 0 0 0 0 0 0 0 0 0 0 0 0 0 0 0 0 0 0 0 0 0 0 0 0 0 0 0 0 0 0 0 0 0 0 0 0 0 0 0 0 0 0 0 0 0 0 0 0 0 0 0 0 0 0 0 0 0 0 0 0 0 0 0 0 0 0 0 0 0 0 0 0 0 0 0 0 0 0 0 0 0 0 0 0 0 0 0 0 0 0 0 0 0 0 0 0 0 0 0 0 0 0 0 0 0 0 0 0 0 0 0 0 0 0 0 0 0 0 0 0 0 0 0 0 0 0 0 0 0 0 0 0 0 0 0 0 0 0 0 0 0 0 0 0 0 0 0 0 0 0 0 0 0 0 0 0 0 0 0 0 0 0 0 0 0 0 0 0 0 0 0 0 0 0 0 0 0 0 0 0 0 0 0 0 0 0 0 0 0 0 0 0 0 0 0 0 0 0 0 0 0 0 0 0 0 0 0 0 0 0 0 0 0 0 0 0 0 0 0 0 0 0 0 0 0 0 0 0 0 0 0 0 0 0 0 0 0 0 0 0 0 0 0 0 0 0 0 0 0 0 0 0 0 0 0 0 0 0 0 0 0 0 0 0 0 0 0 0 0 0 0 0 0 0 0 0 0 0 0 0 0 0 0 0 0 0 0 0 0 0 0 0 0 0 0 0 0 0 0 0 0 0 0 0 0 0 0 0 0 0 0 0 0 0 0 0 0 0 0 0 0 0 0 0 0 0 0 0 0 0 0 0 0 0 0 0 0 0 0 0 0 0 0 0 0 0 0 0 0 0 0 0 0 0 0 0 0 0 0 0 0 0 0 0 0 0 0 0 0 0 0 0 0 0 0 0 0 0 0 0 0 0 0 0 0 0 0 0 0 0 0 0 0 0 0 0 0 0 0 0 0 0 0 0 0 0 0 0 0 0 0 0 0 0 0 0 0 0 0 0 0 0 0 0 0 0 0 0 0 0 0 0 0 0 0 0 0 0 0 0 0 0 0 0 0 0 0 0 0 0 0 0 0 0 0 0 0 0 0 0 0 0 0 0 0 0 0 0 0 0 0 0 0 0 0 0 0 0 0 0 0 0 0 0 0 0 0 0 0 0 0 0 0 0 0 0 0 0 0 0 0 0 0 0 0 0</float_array>
          <technique_common>
            <accessor source="#upper-body__1_-mesh-map-0-array" count="438" stride="2">
              <param name="S" type="float" />
              <param name="T" type="float" />
            </accessor>
          </technique_common>
        </source>
        <vertices id="upper-body__1_-mesh-vertices">
          <input semantic="POSITION" source="#upper-body__1_-mesh-positions" />
        </vertices>
        <triangles material="camera_bracket_material-material" count="146">
          <input semantic="VERTEX" source="#upper-body__1_-mesh-vertices" offset="0" />
          <input semantic="NORMAL" source="#upper-body__1_-mesh-normals" offset="1" />
          <input semantic="TEXCOORD" source="#upper-body__1_-mesh-map-0" offset="2" set="0" />
          <p>79 0 0 65 1 1 74 2 2 59 3 3 53 4 4 60 5 5 50 6 6 31 7 7 29 8 8 53 4 9 58 9 10 5 10 11 22 11 12 71 12 13 75 13 14 17 14 15 18 15 16 19 16 17 21 17 18 3 18 19 4 19 20 21 17 21 4 19 22 20 20 23 9 21 24 14 22 25 15 23 26 44 24 27 35 25 28 47 26 29 13 27 30 11 28 31 82 29 32 62 30 33 64 31 34 67 32 35 28 33 36 26 34 37 35 25 38 24 35 39 60 5 40 43 36 41 82 29 42 11 28 43 66 37 44 74 2 45 65 1 46 12 38 47 58 9 48 57 39 49 74 2 50 81 40 51 66 37 52 63 41 53 8 42 54 76 43 55 23 44 56 19 16 57 20 20 58 17 14 59 26 34 60 83 45 61 13 27 62 78 46 63 61 47 64 62 30 65 5 10 66 24 35 67 43 36 68 31 7 69 30 48 70 29 8 71 8 42 72 10 49 73 76 43 74 68 50 75 72 51 76 70 52 77 45 53 78 47 26 79 48 54 80 68 50 81 67 32 82 64 31 83 8 42 84 23 44 85 16 55 86 0 56 87 34 57 88 39 58 89 3 18 90 2 59 91 77 60 92 29 8 93 30 48 94 36 61 95 57 39 96 52 62 97 38 63 98 59 3 99 54 64 100 53 4 101 50 6 102 51 65 103 31 7 104 74 2 105 12 38 106 58 9 107 41 66 108 79 0 109 57 39 110 63 41 111 37 67 112 80 68 113 17 14 114 71 12 115 18 15 116 3 18 117 21 17 118 37 67 119 41 66 120 2 59 121 40 69 122 30 48 123 56 70 124 36 61 125 41 66 126 1 71 127 2 59 128 9 21 129 16 55 130 14 22 131 69 72 132 0 56 133 72 51 134 44 24 135 28 33 136 35 25 137 22 11 138 18 15 139 71 12 140 13 27 141 83 45 142 11 28 143 62 30 144 61 47 145 64 31 146 40 69 147 79 0 148 41 66 149 15 23 150 73 73 151 10 49 152 28 33 153 27 74 154 26 34 155 24 35 156 59 3 157 60 5 158 10 49 159 9 21 160 15 23 161 80 68 162 81 40 163 63 41 164 58 9 165 55 75 166 57 39 167 77 60 168 1 71 169 23 44 170 26 34 171 27 74 172 83 45 173 51 65 174 49 76 175 56 70 176 78 46 177 75 13 178 61 47 179 34 57 180 36 61 181 56 70 182 5 10 183 6 77 184 24 35 185 77 60 186 2 59 187 1 71 188 7 78 189 39 58 190 5 10 191 48 54 192 46 79 193 45 53 194 8 42 195 9 21 196 10 49 197 68 50 198 69 72 199 72 51 200 34 57 201 38 63 202 39 58 203 76 43 204 77 60 205 23 44 206 19 16 207 21 17 208 20 20 209 78 46 210 22 11 211 75 13 212 45 53 213 44 24 214 47 26 215 81 40 216 82 29 217 66 37 218 68 50 219 70 52 220 67 32 221 59 3 222 24 35 223 6 77 224 43 36 225 60 5 226 5 10 227 60 5 228 53 4 229 5 10 230 53 4 231 55 75 232 58 9 233 23 44 234 1 71 235 16 55 236 16 55 237 9 21 238 8 42 239 0 56 240 33 80 241 32 81 242 39 58 243 7 78 244 42 82 245 7 78 246 46 79 247 42 82 248 0 56 249 32 81 250 34 57 251 39 58 252 42 82 253 0 56 254 68 50 255 64 31 256 61 47 257 68 50 258 61 47 259 73 73 260 61 47 261 75 13 262 73 73 263 33 80 264 69 72 265 68 50 266 45 53 267 46 79 268 44 24 269 46 79 270 7 78 271 44 24 272 27 74 273 28 33 274 44 24 275 32 81 276 33 80 277 68 50 278 32 81 279 68 50 280 73 73 281 44 24 282 7 78 283 27 74 284 7 78 285 12 38 286 27 74 287 27 74 288 12 38 289 83 45 290 73 73 291 75 13 292 71 12 293 11 28 294 83 45 295 12 38 296 66 37 297 11 28 298 12 38 299 10 49 300 73 73 301 71 12 302 10 49 303 71 12 304 17 14 305 66 37 306 12 38 307 65 1 308 63 41 309 66 37 310 65 1 311 76 43 312 10 49 313 17 14 314 76 43 315 17 14 316 20 20 317 63 41 318 65 1 319 40 69 320 3 18 321 63 41 322 40 69 323 77 60 324 76 43 325 4 19 326 76 43 327 20 20 328 4 19 329 3 18 330 40 69 331 2 59 332 77 60 333 4 19 334 3 18 335 36 61 336 15 23 337 50 6 338 15 23 339 14 22 340 50 6 341 50 6 342 29 8 343 36 61 344 51 65 345 50 6 346 49 76 347 50 6 348 14 22 349 49 76 350 16 55 351 1 71 352 25 83 353 1 71 354 57 39 355 38 63 356 25 83 357 1 71 358 38 63 359 53 4 360 54 64 361 52 62 362 49 76 363 14 22 364 16 55 365 55 75 366 53 4 367 52 62 368 57 39 369 55 75 370 52 62 371 25 83 372 49 76 373 16 55 374 79 0 375 74 2 376 57 39 377 57 39 378 1 71 379 41 66 380 63 41 381 3 18 382 37 67 383 69 72 384 33 80 385 0 56 386 40 69 387 65 1 388 79 0 389 30 48 390 31 7 391 56 70 392 31 7 393 51 65 394 56 70 395 34 57 396 32 81 397 36 61 398 32 81 399 73 73 400 36 61 401 73 73 402 15 23 403 36 61 404 56 70 405 49 76 406 25 83 407 56 70 408 25 83 409 34 57 410 58 9 411 12 38 412 5 10 413 12 38 414 7 78 415 5 10 416 39 58 417 38 63 418 6 77 419 38 63 420 52 62 421 6 77 422 39 58 423 6 77 424 5 10 425 48 54 426 42 82 427 46 79 428 34 57 429 25 83 430 38 63 431 52 62 432 54 64 433 6 77 434 54 64 435 59 3 436 6 77 437</p>
        </triangles>
      </mesh>
    </geometry>
  </library_geometries>
  <library_visual_scenes>
    <visual_scene id="Scene" name="Scene">
      <node id="upper-body_023" name="upper-body.023" type="NODE">
        <matrix sid="transform">1 0 0 0 0 1 0 0 0 0 1 0 0 0 0 1</matrix>
        <instance_geometry url="#upper-body__1__023-mesh" name="upper-body.023">
          <bind_material>
            <technique_common>
              <instance_material symbol="camera_bracket_material-material" target="#camera_bracket_material-material">
                <bind_vertex_input semantic="UVMap" input_semantic="TEXCOORD" input_set="0" />
              </instance_material>
              <instance_material symbol="letter_material-material" target="#letter_material-material">
                <bind_vertex_input semantic="UVMap" input_semantic="TEXCOORD" input_set="0" />
              </instance_material>
            </technique_common>
          </bind_material>
        </instance_geometry>
      </node>
      <node id="upper-body_022" name="upper-body.022" type="NODE">
        <matrix sid="transform">1 0 0 0 0 1 0 0 0 0 1 0 0 0 0 1</matrix>
        <instance_geometry url="#upper-body__1__022-mesh" name="upper-body.022">
          <bind_material>
            <technique_common>
              <instance_material symbol="camera_bracket_material-material" target="#camera_bracket_material-material">
                <bind_vertex_input semantic="UVMap" input_semantic="TEXCOORD" input_set="0" />
              </instance_material>
              <instance_material symbol="letter_material-material" target="#letter_material-material">
                <bind_vertex_input semantic="UVMap" input_semantic="TEXCOORD" input_set="0" />
              </instance_material>
            </technique_common>
          </bind_material>
        </instance_geometry>
      </node>
      <node id="upper-body_021" name="upper-body.021" type="NODE">
        <matrix sid="transform">1 0 0 0 0 1 0 0 0 0 1 0 0 0 0 1</matrix>
        <instance_geometry url="#upper-body__1__021-mesh" name="upper-body.021">
          <bind_material>
            <technique_common>
              <instance_material symbol="camera_bracket_material-material" target="#camera_bracket_material-material">
                <bind_vertex_input semantic="UVMap" input_semantic="TEXCOORD" input_set="0" />
              </instance_material>
              <instance_material symbol="letter_material-material" target="#letter_material-material">
                <bind_vertex_input semantic="UVMap" input_semantic="TEXCOORD" input_set="0" />
              </instance_material>
            </technique_common>
          </bind_material>
        </instance_geometry>
      </node>
      <node id="upper-body_020" name="upper-body.020" type="NODE">
        <matrix sid="transform">1 0 0 0 0 1 0 0 0 0 1 0 0 0 0 1</matrix>
        <instance_geometry url="#upper-body__1__020-mesh" name="upper-body.020">
          <bind_material>
            <technique_common>
              <instance_material symbol="camera_bracket_material-material" target="#camera_bracket_material-material">
                <bind_vertex_input semantic="UVMap" input_semantic="TEXCOORD" input_set="0" />
              </instance_material>
              <instance_material symbol="letter_material-material" target="#letter_material-material">
                <bind_vertex_input semantic="UVMap" input_semantic="TEXCOORD" input_set="0" />
              </instance_material>
            </technique_common>
          </bind_material>
        </instance_geometry>
      </node>
      <node id="upper-body_019" name="upper-body.019" type="NODE">
        <matrix sid="transform">1 0 0 0 0 1 0 0 0 0 1 0 0 0 0 1</matrix>
        <instance_geometry url="#upper-body__1__019-mesh" name="upper-body.019">
          <bind_material>
            <technique_common>
              <instance_material symbol="camera_bracket_material-material" target="#camera_bracket_material-material">
                <bind_vertex_input semantic="UVMap" input_semantic="TEXCOORD" input_set="0" />
              </instance_material>
              <instance_material symbol="letter_material-material" target="#letter_material-material">
                <bind_vertex_input semantic="UVMap" input_semantic="TEXCOORD" input_set="0" />
              </instance_material>
            </technique_common>
          </bind_material>
        </instance_geometry>
      </node>
      <node id="upper-body_018" name="upper-body.018" type="NODE">
        <matrix sid="transform">1 0 0 0 0 1 0 0 0 0 1 0 0 0 0 1</matrix>
        <instance_geometry url="#upper-body__1__018-mesh" name="upper-body.018">
          <bind_material>
            <technique_common>
              <instance_material symbol="camera_bracket_material-material" target="#camera_bracket_material-material">
                <bind_vertex_input semantic="UVMap" input_semantic="TEXCOORD" input_set="0" />
              </instance_material>
              <instance_material symbol="letter_material-material" target="#letter_material-material">
                <bind_vertex_input semantic="UVMap" input_semantic="TEXCOORD" input_set="0" />
              </instance_material>
            </technique_common>
          </bind_material>
        </instance_geometry>
      </node>
      <node id="upper-body_017" name="upper-body.017" type="NODE">
        <matrix sid="transform">1 0 0 0 0 1 0 0 0 0 1 0 0 0 0 1</matrix>
        <instance_geometry url="#upper-body__1__017-mesh" name="upper-body.017">
          <bind_material>
            <technique_common>
              <instance_material symbol="camera_bracket_material-material" target="#camera_bracket_material-material">
                <bind_vertex_input semantic="UVMap" input_semantic="TEXCOORD" input_set="0" />
              </instance_material>
              <instance_material symbol="letter_material-material" target="#letter_material-material">
                <bind_vertex_input semantic="UVMap" input_semantic="TEXCOORD" input_set="0" />
              </instance_material>
            </technique_common>
          </bind_material>
        </instance_geometry>
      </node>
      <node id="upper-body_016" name="upper-body.016" type="NODE">
        <matrix sid="transform">1 0 0 0 0 1 0 0 0 0 1 0 0 0 0 1</matrix>
        <instance_geometry url="#upper-body__1__016-mesh" name="upper-body.016">
          <bind_material>
            <technique_common>
              <instance_material symbol="camera_bracket_material-material" target="#camera_bracket_material-material">
                <bind_vertex_input semantic="UVMap" input_semantic="TEXCOORD" input_set="0" />
              </instance_material>
              <instance_material symbol="letter_material-material" target="#letter_material-material">
                <bind_vertex_input semantic="UVMap" input_semantic="TEXCOORD" input_set="0" />
              </instance_material>
            </technique_common>
          </bind_material>
        </instance_geometry>
      </node>
      <node id="upper-body_015" name="upper-body.015" type="NODE">
        <matrix sid="transform">1 0 0 0 0 1 0 0 0 0 1 0 0 0 0 1</matrix>
        <instance_geometry url="#upper-body__1__015-mesh" name="upper-body.015">
          <bind_material>
            <technique_common>
              <instance_material symbol="camera_bracket_material-material" target="#camera_bracket_material-material">
                <bind_vertex_input semantic="UVMap" input_semantic="TEXCOORD" input_set="0" />
              </instance_material>
              <instance_material symbol="letter_material-material" target="#letter_material-material">
                <bind_vertex_input semantic="UVMap" input_semantic="TEXCOORD" input_set="0" />
              </instance_material>
            </technique_common>
          </bind_material>
        </instance_geometry>
      </node>
      <node id="upper-body_014" name="upper-body.014" type="NODE">
        <matrix sid="transform">1 0 0 0 0 1 0 0 0 0 1 0 0 0 0 1</matrix>
        <instance_geometry url="#upper-body__1__014-mesh" name="upper-body.014">
          <bind_material>
            <technique_common>
              <instance_material symbol="camera_bracket_material-material" target="#camera_bracket_material-material">
                <bind_vertex_input semantic="UVMap" input_semantic="TEXCOORD" input_set="0" />
              </instance_material>
              <instance_material symbol="letter_material-material" target="#letter_material-material">
                <bind_vertex_input semantic="UVMap" input_semantic="TEXCOORD" input_set="0" />
              </instance_material>
            </technique_common>
          </bind_material>
        </instance_geometry>
      </node>
      <node id="upper-body_013" name="upper-body.013" type="NODE">
        <matrix sid="transform">1 0 0 0 0 1 0 0 0 0 1 0 0 0 0 1</matrix>
        <instance_geometry url="#upper-body__1__013-mesh" name="upper-body.013">
          <bind_material>
            <technique_common>
              <instance_material symbol="camera_bracket_material-material" target="#camera_bracket_material-material">
                <bind_vertex_input semantic="UVMap" input_semantic="TEXCOORD" input_set="0" />
              </instance_material>
              <instance_material symbol="letter_material-material" target="#letter_material-material">
                <bind_vertex_input semantic="UVMap" input_semantic="TEXCOORD" input_set="0" />
              </instance_material>
            </technique_common>
          </bind_material>
        </instance_geometry>
      </node>
      <node id="upper-body_012" name="upper-body.012" type="NODE">
        <matrix sid="transform">1 0 0 0 0 1 0 0 0 0 1 0 0 0 0 1</matrix>
        <instance_geometry url="#upper-body__1__012-mesh" name="upper-body.012">
          <bind_material>
            <technique_common>
              <instance_material symbol="camera_bracket_material-material" target="#camera_bracket_material-material">
                <bind_vertex_input semantic="UVMap" input_semantic="TEXCOORD" input_set="0" />
              </instance_material>
              <instance_material symbol="letter_material-material" target="#letter_material-material">
                <bind_vertex_input semantic="UVMap" input_semantic="TEXCOORD" input_set="0" />
              </instance_material>
            </technique_common>
          </bind_material>
        </instance_geometry>
      </node>
      <node id="upper-body_011" name="upper-body.011" type="NODE">
        <matrix sid="transform">1 0 0 0 0 1 0 0 0 0 1 0 0 0 0 1</matrix>
        <instance_geometry url="#upper-body__1__011-mesh" name="upper-body.011">
          <bind_material>
            <technique_common>
              <instance_material symbol="camera_bracket_material-material" target="#camera_bracket_material-material">
                <bind_vertex_input semantic="UVMap" input_semantic="TEXCOORD" input_set="0" />
              </instance_material>
              <instance_material symbol="letter_material-material" target="#letter_material-material">
                <bind_vertex_input semantic="UVMap" input_semantic="TEXCOORD" input_set="0" />
              </instance_material>
            </technique_common>
          </bind_material>
        </instance_geometry>
      </node>
      <node id="upper-body_010" name="upper-body.010" type="NODE">
        <matrix sid="transform">1 0 0 0 0 1 0 0 0 0 1 0 0 0 0 1</matrix>
        <instance_geometry url="#upper-body__1__010-mesh" name="upper-body.010">
          <bind_material>
            <technique_common>
              <instance_material symbol="camera_bracket_material-material" target="#camera_bracket_material-material">
                <bind_vertex_input semantic="UVMap" input_semantic="TEXCOORD" input_set="0" />
              </instance_material>
              <instance_material symbol="letter_material-material" target="#letter_material-material">
                <bind_vertex_input semantic="UVMap" input_semantic="TEXCOORD" input_set="0" />
              </instance_material>
            </technique_common>
          </bind_material>
        </instance_geometry>
      </node>
      <node id="upper-body_009" name="upper-body.009" type="NODE">
        <matrix sid="transform">1 0 0 0 0 1 0 0 0 0 1 0 0 0 0 1</matrix>
        <instance_geometry url="#upper-body__1__009-mesh" name="upper-body.009">
          <bind_material>
            <technique_common>
              <instance_material symbol="camera_bracket_material-material" target="#camera_bracket_material-material">
                <bind_vertex_input semantic="UVMap" input_semantic="TEXCOORD" input_set="0" />
              </instance_material>
              <instance_material symbol="letter_material-material" target="#letter_material-material">
                <bind_vertex_input semantic="UVMap" input_semantic="TEXCOORD" input_set="0" />
              </instance_material>
            </technique_common>
          </bind_material>
        </instance_geometry>
      </node>
      <node id="upper-body_008" name="upper-body.008" type="NODE">
        <matrix sid="transform">1 0 0 0 0 1 0 0 0 0 1 0 0 0 0 1</matrix>
        <instance_geometry url="#upper-body__1__008-mesh" name="upper-body.008">
          <bind_material>
            <technique_common>
              <instance_material symbol="camera_bracket_material-material" target="#camera_bracket_material-material">
                <bind_vertex_input semantic="UVMap" input_semantic="TEXCOORD" input_set="0" />
              </instance_material>
              <instance_material symbol="letter_material-material" target="#letter_material-material">
                <bind_vertex_input semantic="UVMap" input_semantic="TEXCOORD" input_set="0" />
              </instance_material>
            </technique_common>
          </bind_material>
        </instance_geometry>
      </node>
      <node id="upper-body_007" name="upper-body.007" type="NODE">
        <matrix sid="transform">1 0 0 0 0 1 0 0 0 0 1 0 0 0 0 1</matrix>
        <instance_geometry url="#upper-body__1__007-mesh" name="upper-body.007">
          <bind_material>
            <technique_common>
              <instance_material symbol="camera_bracket_material-material" target="#camera_bracket_material-material">
                <bind_vertex_input semantic="UVMap" input_semantic="TEXCOORD" input_set="0" />
              </instance_material>
              <instance_material symbol="letter_material-material" target="#letter_material-material">
                <bind_vertex_input semantic="UVMap" input_semantic="TEXCOORD" input_set="0" />
              </instance_material>
            </technique_common>
          </bind_material>
        </instance_geometry>
      </node>
      <node id="upper-body_006" name="upper-body.006" type="NODE">
        <matrix sid="transform">1 0 0 0 0 1 0 0 0 0 1 0 0 0 0 1</matrix>
        <instance_geometry url="#upper-body__1__006-mesh" name="upper-body.006">
          <bind_material>
            <technique_common>
              <instance_material symbol="camera_bracket_material-material" target="#camera_bracket_material-material">
                <bind_vertex_input semantic="UVMap" input_semantic="TEXCOORD" input_set="0" />
              </instance_material>
              <instance_material symbol="letter_material-material" target="#letter_material-material">
                <bind_vertex_input semantic="UVMap" input_semantic="TEXCOORD" input_set="0" />
              </instance_material>
            </technique_common>
          </bind_material>
        </instance_geometry>
      </node>
      <node id="upper-body_005" name="upper-body.005" type="NODE">
        <matrix sid="transform">1 0 0 0 0 1 0 0 0 0 1 0 0 0 0 1</matrix>
        <instance_geometry url="#upper-body__1__005-mesh" name="upper-body.005">
          <bind_material>
            <technique_common>
              <instance_material symbol="camera_bracket_material-material" target="#camera_bracket_material-material">
                <bind_vertex_input semantic="UVMap" input_semantic="TEXCOORD" input_set="0" />
              </instance_material>
              <instance_material symbol="letter_material-material" target="#letter_material-material">
                <bind_vertex_input semantic="UVMap" input_semantic="TEXCOORD" input_set="0" />
              </instance_material>
            </technique_common>
          </bind_material>
        </instance_geometry>
      </node>
      <node id="upper-body_004" name="upper-body.004" type="NODE">
        <matrix sid="transform">1 0 0 0 0 1 0 0 0 0 1 0 0 0 0 1</matrix>
        <instance_geometry url="#upper-body__1__004-mesh" name="upper-body.004">
          <bind_material>
            <technique_common>
              <instance_material symbol="camera_bracket_material-material" target="#camera_bracket_material-material">
                <bind_vertex_input semantic="UVMap" input_semantic="TEXCOORD" input_set="0" />
              </instance_material>
              <instance_material symbol="letter_material-material" target="#letter_material-material">
                <bind_vertex_input semantic="UVMap" input_semantic="TEXCOORD" input_set="0" />
              </instance_material>
            </technique_common>
          </bind_material>
        </instance_geometry>
      </node>
      <node id="upper-body_003" name="upper-body.003" type="NODE">
        <matrix sid="transform">1 0 0 0 0 1 0 0 0 0 1 0 0 0 0 1</matrix>
        <instance_geometry url="#upper-body__1__003-mesh" name="upper-body.003">
          <bind_material>
            <technique_common>
              <instance_material symbol="camera_bracket_material-material" target="#camera_bracket_material-material">
                <bind_vertex_input semantic="UVMap" input_semantic="TEXCOORD" input_set="0" />
              </instance_material>
              <instance_material symbol="letter_material-material" target="#letter_material-material">
                <bind_vertex_input semantic="UVMap" input_semantic="TEXCOORD" input_set="0" />
              </instance_material>
            </technique_common>
          </bind_material>
        </instance_geometry>
      </node>
      <node id="upper-body_002" name="upper-body.002" type="NODE">
        <matrix sid="transform">1 0 0 0 0 1 0 0 0 0 1 0 0 0 0 1</matrix>
        <instance_geometry url="#upper-body__1__002-mesh" name="upper-body.002">
          <bind_material>
            <technique_common>
              <instance_material symbol="camera_bracket_material-material" target="#camera_bracket_material-material">
                <bind_vertex_input semantic="UVMap" input_semantic="TEXCOORD" input_set="0" />
              </instance_material>
              <instance_material symbol="letter_material-material" target="#letter_material-material">
                <bind_vertex_input semantic="UVMap" input_semantic="TEXCOORD" input_set="0" />
              </instance_material>
            </technique_common>
          </bind_material>
        </instance_geometry>
      </node>
      <node id="upper-body" name="upper-body" type="NODE">
        <matrix sid="transform">1 0 0 0 0 1 0 0 0 0 1 0 0 0 0 1</matrix>
        <instance_geometry url="#upper-body__1_-mesh" name="upper-body">
          <bind_material>
            <technique_common>
              <instance_material symbol="camera_bracket_material-material" target="#camera_bracket_material-material">
                <bind_vertex_input semantic="UVMap" input_semantic="TEXCOORD" input_set="0" />
              </instance_material>
              <instance_material symbol="letter_material-material" target="#letter_material-material">
                <bind_vertex_input semantic="UVMap" input_semantic="TEXCOORD" input_set="0" />
              </instance_material>
            </technique_common>
          </bind_material>
        </instance_geometry>
      </node>
    </visual_scene>
  </library_visual_scenes>
  <scene>
    <instance_visual_scene url="#Scene" />
  </scene>
</COLLADA>