<?xml version='1.0' encoding='utf-8'?>
<COLLADA xmlns="http://www.collada.org/2005/11/COLLADASchema" version="1.4.1">
  <asset>
    <contributor>
      <author>Blender User</author>
      <authoring_tool>Blender 4.2.18 LTS commit date:2026-02-16, commit time:13:37, hash:d71e3422e438</authoring_tool>
    </contributor>
    <created>2026-03-16T17:33:22</created>
    <modified>2026-03-16T17:33:22</modified>
    <unit name="meter" meter="1" />
    <up_axis>Z_UP</up_axis>
  </asset>
  <library_effects>
    <effect id="Copper_-_Raw-effect">
      <profile_COMMON>
        <technique sid="common">
          <phong>
            <emission>
              <color sid="emission">0 0 0 1</color>
            </emission>
            <diffuse>
              <color sid="diffuse">0.6 0.552 0.12 1</color>
            </diffuse>
            <specular>
              <color sid="specular">0.6 0.6 0.6 1</color>
            </specular>
            <shininess>
              <float sid="shininess">50</float>
            </shininess>
            <reflectivity>
              <float sid="specular">1</float>
            </reflectivity>
            <index_of_refraction>
              <float sid="ior">1.5</float>
            </index_of_refraction>
          </phong>
        </technique>
      </profile_COMMON>
    </effect>
    <effect id="camera_bracket_material-effect">
      <profile_COMMON>
        <technique sid="common">
          <phong>
            <emission>
              <color sid="emission">0 0 0 1</color>
            </emission>
            <diffuse>
              <color sid="diffuse">0.025 0.025 0.025 1</color>
            </diffuse>
            <specular>
              <color sid="specular">0.6 0.6 0.6 1</color>
            </specular>
            <shininess>
              <float sid="shininess">50</float>
            </shininess>
            <index_of_refraction>
              <float sid="ior">1.5</float>
            </index_of_refraction>
          </phong>
        </technique>
      </profile_COMMON>
    </effect>
  </library_effects>
  <library_images />
  <library_materials>
    <material id="Copper_-_Raw-material" name="Copper_-_Raw">
      <instance_effect url="#Copper_-_Raw-effect" />
    </material>
    <material id="camera_bracket_material-material" name="camera_bracket_material">
      <instance_effect url="#camera_bracket_material-effect" />
    </material>
  </library_materials>
  <library_geometries>
    <geometry id="Pi_NightVision_Cam_Assembly_048-mesh" name="Pi_NightVision_Cam_Assembly.048">
      <mesh>
        <source id="Pi_NightVision_Cam_Assembly_048-mesh-positions">
          <float_array id="Pi_NightVision_Cam_Assembly_048-mesh-positions-array" count="384">0.07285761 -0.01493799 0.1145536 0.07267034 -0.01447767 0.1139086 0.07275074 -0.01447099 0.1161576 0.06956541 -0.01433384 0.1134312 0.07112002 -0.0142731 0.1108195 0.07609015 -0.01086401 0.1091815 0.06903225 -0.006732702 0.1322796 0.06904089 -0.006732702 0.1323891 0.06926238 -0.006732761 0.1328669 0.0692631 -0.01078873 0.1092254 0.06928426 -0.01087158 0.1148104 0.06951105 -0.01095217 0.1131585 0.06945735 -0.01427012 0.1162593 0.07030063 -0.01424324 0.1181182 0.07412356 -0.01444584 0.1173709 0.07427328 -0.01443463 0.1203182 0.07411313 -0.01443237 0.1216184 0.07402437 -0.01538789 0.1212921 0.07436317 -0.01538407 0.120312 0.07590597 -0.01446825 0.1173838 0.07511746 -0.01443272 0.1157412 0.07506555 -0.01443254 0.1170916 0.07488501 -0.01543313 0.1169026 0.07629626 -0.01543343 0.1164776 0.075603 -0.01443272 0.1154819 0.07538497 -0.01793271 0.1160071 0.07452601 -0.01793271 0.1159151 0.07403224 -0.01763272 0.1167117 0.0746392 -0.01443272 0.1156274 0.07355421 -0.01543372 0.1162139 0.0729503 -0.01443308 0.1154986 0.07432681 -0.01443272 0.1152631 0.07310301 -0.01543277 0.1145431 0.07325667 -0.01790684 0.1155517 0.07370841 -0.0144326 0.1134261 0.07429391 -0.01443272 0.1148205 0.07398962 -0.01793271 0.1148056 0.07424968 -0.01793271 0.1142592 0.07454758 -0.01443272 0.1143838 0.07405191 -0.01543277 0.1133715 0.07511562 -0.01543247 0.1130274 0.07515937 -0.01443272 0.1142221 0.07559818 -0.0144329 0.1129781 0.07559925 -0.01443272 0.1144806 0.07581484 -0.01793271 0.1142592 0.07649934 -0.01543331 0.113721 0.07579952 -0.01443272 0.1149443 0.07697403 -0.01543295 0.115076 0.07680785 -0.01790684 0.1155517 0.07607489 -0.01793271 0.1148056 0.07600635 -0.01793271 0.1154069 0.07722085 -0.01443356 0.1152225 0.07542455 -0.01790928 0.1168027 0.07641553 -0.01790684 0.113728 0.07503223 -0.01793271 0.1138914 0.07503604 -0.01791137 0.1131731 0.07364898 -0.01790684 0.113728 0.07405817 -0.01793271 0.1154069 0.07645177 -0.01474928 0.1129416 0.07756257 -0.01446682 0.1143618 0.07555383 -0.01493275 0.114417 0.07503223 -0.01493275 0.1157556 0.07503223 -0.01493275 0.1142199 0.07438266 -0.01493275 0.115404 0.07470065 -0.01496493 0.117362 0.07458424 -0.01493275 0.1143677 0.07442462 -0.01466643 0.112543 0.07998794 -0.01430571 0.1120665 0.07723569 -0.01471072 0.1161836 0.07579946 -0.01493275 0.1149823 0.07559126 -0.01493275 0.1154942 0.07557511 -0.01443284 0.1200706 0.07598811 -0.01537388 0.1213711 0.07191598 -0.01432716 0.1197872 0.07180839 -0.01093274 0.1198378 0.06925755 -0.01080244 0.1327139 0.06923836 -0.01083725 0.1322796 0.06928569 -0.01086741 0.1151802 0.06969988 -0.01095724 0.1173822 0.08095866 -0.006732761 0.1327534 0.08103227 -0.006732702 0.1096796 0.08095842 -0.005132734 0.1327537 0.08053237 -0.005132734 0.1367648 0.08065605 -0.006732702 0.1366235 0.06941813 -0.005132794 0.1366875 0.06976073 -0.006732702 0.1369096 0.06905686 -0.006732702 0.1354925 0.08078837 0.009717702 0.1327502 0.06918561 0.009772717 0.1140296 0.06925272 0.006909012 0.1091838 0.06911522 -0.005132734 0.1092184 0.06952899 -0.005132734 0.105161 0.06941872 -0.006732702 0.1052713 0.08030247 -0.006732702 0.1050643 0.08065658 -0.005132794 0.1053363 0.08100765 -0.006732702 0.1064668 0.08092945 -0.005132734 0.1091686 0.08086442 0.009774863 0.1140097 0.08079326 0.006925046 0.1091938 0.08079159 -0.006732761 0.1091068 0.08102363 -0.006732702 0.1095702 0.0691235 -0.006732761 0.1091796 0.08080548 -0.01080113 0.1092333 0.08084893 -0.01084476 0.1325556 0.07785171 -0.01093351 0.1227343 0.07972359 -0.01428079 0.1181178 0.07815116 -0.01431024 0.1197885 0.07825613 -0.01093274 0.1198378 0.07435661 -0.01093214 0.1243908 0.08052414 -0.01066064 0.1329371 0.07201188 -0.01093268 0.1221976 0.07219505 -0.01424723 0.1225585 0.07588684 -0.01430511 0.1240946 0.07786548 -0.01429212 0.1224926 0.07393342 -0.0143426 0.1239225 0.08072507 -0.01427835 0.1158704 0.0770232 -0.014292 0.1095787 0.08029615 -0.0109809 0.1121894 0.08063995 -0.01092636 0.1168699 0.06912714 -0.005132734 0.1327971 0.06928181 0.009726226 0.1327478 0.07586127 -0.01443392 0.1218492 0.0758273 -0.01536214 0.1204282 0.07500094 -0.01536118 0.1200193 0.07430052 -0.01493275 0.1147589 0.07513219 -0.01537644 0.1220327 0.07375341 -0.01432973 0.1094481 0.07182639 -0.010962 0.1100673</float_array>
          <technique_common>
            <accessor source="#Pi_NightVision_Cam_Assembly_048-mesh-positions-array" count="128" stride="3">
              <param name="X" type="float" />
              <param name="Y" type="float" />
              <param name="Z" type="float" />
            </accessor>
          </technique_common>
        </source>
        <source id="Pi_NightVision_Cam_Assembly_048-mesh-normals">
          <float_array id="Pi_NightVision_Cam_Assembly_048-mesh-normals-array" count="402">0.6887098 -0.6713593 0.2737803 0.6624404 -0.6426811 0.3848813 0.5524652 -0.7248405 0.4115685 -0.6640269 -0.7191354 0.204726 -0.5266981 -0.8053632 0.2719914 -0.6769042 -0.6672037 0.3108699 -0.453682 -0.8081676 -0.37555 0.3420664 -0.876326 -0.3391805 -0.03817993 -0.6593384 -0.7508763 0.06005924 -0.5396299 0.8397574 0.7740291 -0.6294544 0.06830829 0.3879477 -0.8552154 0.3436615 0.6645378 -0.6774258 -0.3154105 0.6530296 0.05866068 0.7550571 0.1901838 -0.6497372 0.7359834 0.7421461 -0.6397492 0.1998503 -0.6600815 -0.6159093 0.4300559 -0.4956574 -0.8136802 0.3037239 -0.7869221 0.5719382 0.2316039 -0.7628764 0.02621704 0.6460126 0.03275114 0.5453531 0.8375664 -0.4722503 -0.4596903 0.7521068 -0.7408055 -0.6491973 0.1724821 0.3392844 -0.4250782 0.839163 -0.6057137 -0.5990056 0.5237398 0.6916747 -0.6457372 0.3234342 0.04079538 -0.06370741 -0.9971345 0.248115 0.5616629 -0.7892869 0.7813864 0.02409476 -0.6235821 -0.2576472 -0.8291903 0.496046 0.9914404 -0.1106519 -0.06929802 0.01295524 -0.6523048 -0.7578461 -0.5270044 -0.08411127 -0.8456901 0.2987098 -0.6505514 0.6982517 -0.03739762 -0.831456 0.5543307 -0.2963594 -0.6173545 0.7287281 0.8242985 0.561937 0.06898516 0.7685211 -0.6315304 0.102688 -0.563899 -0.8217927 -0.08170014 -0.241527 -0.9603602 0.1391868 -0.3219397 -0.9358542 -0.1432896 0.6526934 -0.599842 0.4627969 0.6966994 -0.7173261 -0.007298231 0.8216788 -0.5676496 -0.05116569 0.7813971 -0.6234995 0.02582949 0.1677618 -0.9854934 0.0256673 -0.997532 -2.69037e-4 0.07021504 0.6086835 -0.6297509 -0.482616 -0.2314502 -0.6763693 -0.6992534 0.09459191 0.2452946 -0.9648228 0.4407159 -0.6110483 -0.6575634 -0.11661 -0.0718137 0.9905781 -0.5564674 0.5758317 -0.5989674 -0.9759721 -0.04042398 -0.2141135 -0.09119319 -0.71533 0.6928108 0.1216208 -0.9686476 0.2166339 -0.2520605 -0.9077132 0.3354435 0.5465493 0.5692302 0.6142157 -0.3954544 -0.6001061 0.6953334 0.5943836 -0.5964505 0.5394025 0.749602 -0.6410934 -0.164609 0.9844666 -0.1315745 -0.1162485 0.2304001 -0.8850312 -0.4045189 0.9887779 -0.1493315 -0.004287004 -0.9454707 -0.2929683 0.14232 0.5739775 -0.5424974 -0.6133894 -0.5631487 -0.6054233 -0.5624289 -0.7350555 -0.6358029 -0.2354743 -0.6956809 -0.7041732 0.1420149 -0.9954615 -0.04848963 -0.08188641 0.4090309 -0.8507829 0.3299427 -0.6107183 0.4352819 -0.6614778 0.9887614 0.07180595 0.1311291 -0.5032625 0.2631397 -0.8230944 0.6663637 -0.6912077 -0.2796273 -0.280897 -0.76094 -0.5848652 -0.7179715 -0.6426804 -0.2673555 -0.5140194 0.6179788 0.5948835 -0.7778479 -0.611272 0.1459426 0.3761336 -0.5655974 -0.7339095 -0.5112712 0.562994 -0.6493379 0.5231938 0.6277895 -0.5763235 0.6661608 -0.7041847 -0.2456703 0.6117871 0.7644376 -0.2033518 0.6127628 0.4149402 -0.6725671 -0.1227587 -0.9821763 -0.142338 -0.5889996 -0.5830222 -0.5596112 -0.6646009 -0.6397817 0.3859859 0.4168035 0.7262757 0.5466247 -0.09346729 0.7263865 0.6809013 -0.7169739 0.6727561 -0.1826134 0.5131741 0.5837428 0.6292033 -0.6868621 0.7267487 0.007540941 -0.5184317 0.7267022 -0.4507022 -0.91165 -0.187838 0.3655286 -0.5294232 0.6033095 0.5964301 -0.4343199 -0.7775519 -0.45473 -0.5886783 -0.808367 9.20743e-4 0.1892176 -0.9816052 0.02545672 -0.5692687 -0.6505941 -0.5026536 -0.9674178 -0.2354587 0.09306997 -0.519509 -0.6507146 -0.5537879 -0.4364264 -0.8276635 0.352853 0.01725184 0.7264752 0.6869761 0.02383959 0.9996749 0.009046316 -0.05676323 0.9979282 -0.03028887 -5.94407e-5 -0.9407333 0.3391474 0.2377073 -0.9415508 0.2386997 -0.1060713 -0.9413017 -0.3204683 0.7107786 -0.2322734 0.66396 0.1329347 -0.9911179 0.003703534 0.09482634 -0.9880612 -0.1214219 -0.01083046 -0.9996785 -0.02292758 -0.04156148 -0.7260466 -0.6863884 0.04740661 -0.997784 0.04668813 -0.7410687 -0.6147837 0.2699228 -0.5628482 -0.6132632 -0.5541753 0.3996791 -0.7847173 0.4737883 0.662219 -0.7238547 0.1936504 -0.4976405 0.7266086 0.4737023 0.6750417 0.7264136 0.1290041 0.3577243 0.7265111 -0.5866984 -0.08803284 0.7264677 -0.6815387 0.635084 0.726572 -0.2622238 0.5734528 -0.7160218 -0.3980764 -0.02280378 -0.8021135 0.5967361 -0.4190288 -0.7888752 0.4495451 0.01930159 -0.7140733 -0.6998049 0.3244421 -0.9441386 0.0577895 -0.2377358 -0.9415279 0.2387613 -0.3272333 -0.9440973 0.03998529 0.3059547 -0.9420692 -0.1374685 0.1360929 -0.9509594 -0.2777681 -0.3017479 -0.9421845 -0.1457279</float_array>
          <technique_common>
            <accessor source="#Pi_NightVision_Cam_Assembly_048-mesh-normals-array" count="134" stride="3">
              <param name="X" type="float" />
              <param name="Y" type="float" />
              <param name="Z" type="float" />
            </accessor>
          </technique_common>
        </source>
        <source id="Pi_NightVision_Cam_Assembly_048-mesh-map-0">
          <float_array id="Pi_NightVision_Cam_Assembly_048-mesh-map-0-array" count="1350">0 0 0 0 0 0 0 0 0 0 0 0 0 0 0 0 0 0 0 0 0 0 0 0 0 0 0 0 0 0 0 0 0 0 0 0 0 0 0 0 0 0 0 0 0 0 0 0 0 0 0 0 0 0 0 0 0 0 0 0 0 0 0 0 0 0 0 0 0 0 0 0 0 0 0 0 0 0 0 0 0 0 0 0 0 0 0 0 0 0 0 0 0 0 0 0 0 0 0 0 0 0 0 0 0 0 0 0 0 0 0 0 0 0 0 0 0 0 0 0 0 0 0 0 0 0 0 0 0 0 0 0 0 0 0 0 0 0 0 0 0 0 0 0 0 0 0 0 0 0 0 0 0 0 0 0 0 0 0 0 0 0 0 0 0 0 0 0 0 0 0 0 0 0 0 0 0 0 0 0 0 0 0 0 0 0 0 0 0 0 0 0 0 0 0 0 0 0 0 0 0 0 0 0 0 0 0 0 0 0 0 0 0 0 0 0 0 0 0 0 0 0 0 0 0 0 0 0 0 0 0 0 0 0 0 0 0 0 0 0 0 0 0 0 0 0 0 0 0 0 0 0 0 0 0 0 0 0 0 0 0 0 0 0 0 0 0 0 0 0 0 0 0 0 0 0 0 0 0 0 0 0 0 0 0 0 0 0 0 0 0 0 0 0 0 0 0 0 0 0 0 0 0 0 0 0 0 0 0 0 0 0 0 0 0 0 0 0 0 0 0 0 0 0 0 0 0 0 0 0 0 0 0 0 0 0 0 0 0 0 0 0 0 0 0 0 0 0 0 0 0 0 0 0 0 0 0 0 0 0 0 0 0 0 0 0 0 0 0 0 0 0 0 0 0 0 0 0 0 0 0 0 0 0 0 0 0 0 0 0 0 0 0 0 0 0 0 0 0 0 0 0 0 0 0 0 0 0 0 0 0 0 0 0 0 0 0 0 0 0 0 0 0 0 0 0 0 0 0 0 0 0 0 0 0 0 0 0 0 0 0 0 0 0 0 0 0 0 0 0 0 0 0 0 0 0 0 0 0 0 0 0 0 0 0 0 0 0 0 0 0 0 0 0 0 0 0 0 0 0 0 0 0 0 0 0 0 0 0 0 0 0 0 0 0 0 0 0 0 0 0 0 0 0 0 0 0 0 0 0 0 0 0 0 0 0 0 0 0 0 0 0 0 0 0 0 0 0 0 0 0 0 0 0 0 0 0 0 0 0 0 0 0 0 0 0 0 0 0 0 0 0 0 0 0 0 0 0 0 0 0 0 0 0 0 0 0 0 0 0 0 0 0 0 0 0 0 0 0 0 0 0 0 0 0 0 0 0 0 0 0 0 0 0 0 0 0 0 0 0 0 0 0 0 0 0 0 0 0 0 0 0 0 0 0 0 0 0 0 0 0 0 0 0 0 0 0 0 0 0 0 0 0 0 0 0 0 0 0 0 0 0 0 0 0 0 0 0 0 0 0 0 0 0 0 0 0 0 0 0 0 0 0 0 0 0 0 0 0 0 0 0 0 0 0 0 0 0 0 0 0 0 0 0 0 0 0 0 0 0 0 0 0 0 0 0 0 0 0 0 0 0 0 0 0 0 0 0 0 0 0 0 0 0 0 0 0 0 0 0 0 0 0 0 0 0 0 0 0 0 0 0 0 0 0 0 0 0 0 0 0 0 0 0 0 0 0 0 0 0 0 0 0 0 0 0 0 0 0 0 0 0 0 0 0 0 0 0 0 0 0 0 0 0 0 0 0 0 0 0 0 0 0 0 0 0 0 0 0 0 0 0 0 0 0 0 0 0 0 0 0 0 0 0 0 0 0 0 0 0 0 0 0 0 0 0 0 0 0 0 0 0 0 0 0 0 0 0 0 0 0 0 0 0 0 0 0 0 0 0 0 0 0 0 0 0 0 0 0 0 0 0 0 0 0 0 0 0 0 0 0 0 0 0 0 0 0 0 0 0 0 0 0 0 0 0 0 0 0 0 0 0 0 0 0 0 0 0 0 0 0 0 0 0 0 0 0 0 0 0 0 0 0 0 0 0 0 0 0 0 0 0 0 0 0 0 0 0 0 0 0 0 0 0 0 0 0 0 0 0 0 0 0 0 0 0 0 0 0 0 0 0 0 0 0 0 0 0 0 0 0 0 0 0 0 0 0 0 0 0 0 0 0 0 0 0 0 0 0 0 0 0 0 0 0 0 0 0 0 0 0 0 0 0 0 0 0 0 0 0 0 0 0 0 0 0 0 0 0 0 0 0 0 0 0 0 0 0 0 0 0 0 0 0 0 0 0 0 0 0 0 0 0 0 0 0 0 0 0 0 0 0 0 0 0 0 0 0 0 0 0 0 0 0 0 0 0 0 0 0 0 0 0 0 0 0 0 0 0 0 0 0 0 0 0 0 0 0 0 0 0 0 0 0 0 0 0 0 0 0 0 0 0 0 0 0 0 0 0 0 0 0 0 0 0 0 0 0 0 0 0 0 0 0 0 0 0 0 0 0 0 0 0 0 0 0 0 0 0 0 0 0 0 0 0 0 0 0 0 0 0 0 0 0 0 0 0 0 0 0 0 0 0 0 0 0 0 0 0 0 0 0 0 0 0 0 0 0 0 0 0 0 0 0 0 0 0 0 0 0 0 0 0 0 0 0 0 0 0 0 0 0 0 0 0 0 0 0 0 0 0 0 0 0 0 0 0 0 0 0 0 0 0 0 0 0 0 0 0 0 0 0 0 0 0 0 0 0 0 0 0 0 0 0 0 0 0 0 0 0 0 0 0 0 0 0 0 0 0 0 0 0 0 0 0 0 0 0 0 0 0 0 0 0 0 0 0 0 0 0 0 0 0 0 0 0 0 0 0 0 0 0 0 0 0 0 0 0 0 0 0 0 0 0 0 0 0 0 0 0 0 0 0 0 0 0 0 0 0 0 0 0 0 0 0 0 0 0 0 0 0 0 0 0 0 0 0 0 0 0 0 0 0 0 0 0 0 0 0 0 0 0 0 0 0 0 0 0 0 0 0 0 0 0 0 0 0 0 0 0</float_array>
          <technique_common>
            <accessor source="#Pi_NightVision_Cam_Assembly_048-mesh-map-0-array" count="675" stride="2">
              <param name="S" type="float" />
              <param name="T" type="float" />
            </accessor>
          </technique_common>
        </source>
        <vertices id="Pi_NightVision_Cam_Assembly_048-mesh-vertices">
          <input semantic="POSITION" source="#Pi_NightVision_Cam_Assembly_048-mesh-positions" />
        </vertices>
        <triangles material="Copper_-_Raw-material" count="44">
          <input semantic="VERTEX" source="#Pi_NightVision_Cam_Assembly_048-mesh-vertices" offset="0" />
          <input semantic="NORMAL" source="#Pi_NightVision_Cam_Assembly_048-mesh-normals" offset="1" />
          <input semantic="TEXCOORD" source="#Pi_NightVision_Cam_Assembly_048-mesh-map-0" offset="2" set="0" />
          <p>23 13 15 52 14 16 48 15 17 30 18 21 29 19 22 21 20 23 52 14 24 27 21 25 33 22 26 40 26 30 42 27 31 45 28 32 55 31 36 39 32 37 40 26 38 51 36 42 45 28 43 42 27 44 40 26 63 53 47 64 55 31 65 27 21 69 22 51 70 29 19 71 34 52 72 39 32 73 32 53 74 33 22 75 29 19 76 32 53 77 48 15 87 45 28 88 47 63 89 34 52 96 40 26 97 39 32 98 48 15 114 47 63 115 23 13 116 29 19 183 33 22 184 27 21 185 51 36 186 47 63 187 45 28 188 30 18 192 34 52 193 32 53 194 22 51 195 23 13 196 21 20 197 30 18 198 32 53 199 29 19 200 23 13 207 47 63 208 51 36 209 39 32 210 55 31 211 56 99 212 56 99 234 32 53 235 39 32 236 55 31 252 54 106 253 37 107 254 48 15 255 52 14 256 25 108 257 40 26 261 45 28 262 53 47 263 27 21 270 52 14 271 22 51 272 48 15 291 53 47 292 45 28 293 34 52 306 42 27 307 40 26 308 51 36 315 21 20 316 23 13 317 21 20 333 29 19 334 22 51 335 32 53 345 56 99 346 33 22 347 23 13 366 22 51 367 52 14 368 37 107 531 36 128 532 56 99 533 56 99 534 55 31 535 37 107 536 44 129 537 54 106 538 55 31 539 55 31 540 53 47 541 44 129 542 53 47 543 48 15 544 49 130 545 44 129 546 53 47 547 49 130 548 33 22 549 56 99 550 36 128 551 33 22 552 36 128 553 57 131 554 33 22 555 57 131 556 26 132 557 52 14 558 33 22 559 26 132 560 50 133 561 49 130 562 48 15 563 52 14 564 26 132 565 25 108 566 25 108 567 50 133 568 48 15 569</p>
        </triangles>
        <triangles material="camera_bracket_material-material" count="181">
          <input semantic="VERTEX" source="#Pi_NightVision_Cam_Assembly_048-mesh-vertices" offset="0" />
          <input semantic="NORMAL" source="#Pi_NightVision_Cam_Assembly_048-mesh-normals" offset="1" />
          <input semantic="TEXCOORD" source="#Pi_NightVision_Cam_Assembly_048-mesh-map-0" offset="2" set="0" />
          <p>107 0 0 113 1 1 106 2 2 78 3 3 73 4 4 74 5 5 15 6 6 71 7 7 123 8 8 125 9 9 72 10 10 121 11 11 72 10 12 122 12 13 71 7 14 74 5 18 111 16 19 110 17 20 109 23 27 75 24 28 103 25 29 8 29 33 109 23 34 79 30 35 112 33 39 108 34 40 114 35 41 106 2 45 118 37 46 107 0 47 0 38 48 2 39 49 1 40 50 103 25 51 79 30 52 109 23 53 118 37 54 105 41 55 115 42 56 10 43 57 77 44 58 76 45 59 75 24 60 8 29 61 7 46 62 126 48 66 5 49 67 116 50 68 64 54 78 19 55 79 14 56 80 82 57 81 85 58 82 83 59 83 95 60 84 100 61 85 99 62 86 101 64 90 102 65 91 9 66 92 114 35 93 108 34 94 111 16 95 3 67 99 12 68 100 10 69 101 104 70 102 112 33 103 113 1 104 89 71 105 96 72 106 90 73 107 117 74 108 5 49 109 102 65 110 127 75 111 11 76 112 9 66 113 84 77 117 86 78 118 85 58 119 93 79 120 91 80 121 94 81 122 117 74 123 67 82 124 116 50 125 89 71 126 97 83 127 98 84 128 117 74 129 115 42 130 67 82 131 1 40 132 66 85 133 0 38 134 102 65 135 99 62 136 100 61 137 126 48 138 127 75 139 5 49 140 107 0 141 104 70 142 113 1 143 115 42 144 117 74 145 118 37 146 18 86 147 122 12 148 125 9 149 78 3 150 13 87 151 73 4 152 38 88 153 41 89 154 34 52 155 88 90 156 87 91 157 97 83 158 71 7 159 121 11 160 72 10 161 51 36 162 46 92 163 24 93 164 12 68 165 73 4 166 13 87 167 102 65 168 118 37 169 117 74 170 9 66 171 5 49 172 127 75 173 74 5 174 73 4 175 111 16 176 119 94 177 87 91 178 120 95 179 70 96 180 69 97 181 68 98 182 14 56 189 2 39 190 64 54 191 8 29 201 75 24 202 109 23 203 9 66 204 102 65 205 5 49 206 10 69 213 77 100 214 9 66 215 127 75 216 126 48 217 4 101 218 108 34 219 110 17 220 111 16 221 123 8 222 71 7 223 122 12 224 73 4 225 12 68 226 3 67 227 4 101 228 126 48 229 3 67 230 16 102 231 73 4 232 15 6 233 119 94 237 88 90 238 90 73 239 6 103 240 86 104 241 7 105 242 106 2 243 105 41 244 118 37 245 19 55 246 64 54 247 68 98 248 121 11 249 16 102 250 125 9 251 103 25 258 75 24 259 108 34 260 84 77 264 82 57 265 119 94 266 119 94 267 82 57 268 81 109 269 59 110 273 68 98 274 58 111 275 82 57 276 84 77 277 85 58 278 95 112 279 80 113 280 100 114 281 3 67 282 11 76 283 4 101 284 11 76 285 127 75 286 4 101 287 102 65 288 103 25 289 118 37 290 101 64 294 99 62 295 102 65 296 0 38 297 64 54 298 2 39 299 17 115 300 15 6 301 18 86 302 16 102 303 15 6 304 17 115 305 104 70 309 108 34 310 112 33 311 17 115 312 125 9 313 16 102 314 89 71 318 98 84 319 96 72 320 94 81 321 91 80 322 96 72 323 96 72 324 91 80 325 90 73 326 100 61 327 96 72 328 81 109 329 75 24 330 77 100 331 78 3 332 112 33 336 114 35 337 113 1 338 67 82 339 115 42 340 59 110 341 2 39 342 73 4 343 3 67 344 106 2 348 115 42 349 105 41 350 93 79 351 92 116 352 91 80 353 5 49 354 117 74 355 116 50 356 89 71 357 88 90 358 97 83 359 95 60 360 93 79 361 94 81 362 86 78 363 7 46 364 8 29 365 0 38 369 66 85 370 65 117 371 124 118 372 0 38 373 65 117 374 78 3 375 12 68 376 13 87 377 15 6 378 123 8 379 18 86 380 99 62 381 101 64 382 93 79 383 101 64 384 92 116 385 93 79 386 93 79 387 95 60 388 99 62 389 78 3 390 77 100 391 12 68 392 77 100 393 10 69 394 12 68 395 10 69 396 11 76 397 3 67 398 17 115 399 18 86 400 125 9 401 18 86 402 123 8 403 122 12 404 125 9 405 122 12 406 72 10 407 46 92 408 51 36 409 43 119 410 51 36 411 42 27 412 43 119 413 42 27 414 34 52 415 41 89 416 34 52 417 30 18 418 35 120 419 38 88 420 34 52 421 35 120 422 30 18 423 21 20 424 28 121 425 21 20 426 20 122 427 28 121 428 41 89 429 43 119 430 42 27 431 30 18 432 28 121 433 31 123 434 30 18 435 31 123 436 35 120 437 88 90 438 120 95 439 87 91 440 24 93 441 20 122 442 21 20 443 21 20 444 51 36 445 24 93 446 119 94 447 81 109 448 87 91 449 0 38 450 124 118 451 63 124 452 64 54 453 0 38 454 63 124 455 66 85 456 58 111 457 62 125 458 58 111 459 68 98 460 69 97 461 60 126 462 58 111 463 69 97 464 62 125 465 65 117 466 66 85 467 60 126 468 62 125 469 58 111 470 64 54 471 63 124 472 61 127 473 64 54 474 61 127 475 70 96 476 68 98 477 64 54 478 70 96 479 77 100 480 75 24 481 9 66 482 9 66 483 11 76 484 10 69 485 16 102 486 121 11 487 114 35 488 121 11 489 113 1 490 114 35 491 114 35 492 111 16 493 16 102 494 111 16 495 73 4 496 16 102 497 73 4 498 14 56 499 15 6 500 9 66 501 75 24 502 7 46 503 7 46 504 86 78 505 119 94 506 86 78 507 84 77 508 119 94 509 119 94 510 120 95 511 88 90 512 101 64 513 9 66 514 7 46 515 91 80 516 92 116 517 90 73 518 92 116 519 101 64 520 90 73 521 88 90 522 89 71 523 90 73 524 101 64 525 7 46 526 90 73 527 7 46 528 119 94 529 90 73 530 104 70 570 107 0 571 118 37 572 75 24 573 78 3 574 110 17 575 78 3 576 74 5 577 110 17 578 104 70 579 118 37 580 103 25 581 75 24 582 110 17 583 108 34 584 108 34 585 104 70 586 103 25 587 82 57 588 83 59 589 81 109 590 83 59 591 79 30 592 81 109 593 79 30 594 103 25 595 100 61 596 103 25 597 102 65 598 100 61 599 100 61 600 95 60 601 96 72 602 95 60 603 94 81 604 96 72 605 97 83 606 87 91 607 81 109 608 96 72 609 98 84 610 97 83 611 81 109 612 79 30 613 100 61 614 96 72 615 97 83 616 81 109 617 15 6 618 14 56 619 71 7 620 14 56 621 19 55 622 71 7 623 19 55 624 68 98 625 106 2 626 71 7 627 19 55 628 106 2 629 113 1 630 121 11 631 106 2 632 121 11 633 71 7 634 106 2 635 59 110 636 58 111 637 67 82 638 58 111 639 116 50 640 67 82 641 68 98 642 59 110 643 115 42 644 106 2 645 68 98 646 115 42 647 2 39 648 14 56 649 73 4 650 3 67 651 126 48 652 1 40 653 126 48 654 116 50 655 66 85 656 1 40 657 126 48 658 66 85 659 116 50 660 58 111 661 66 85 662 1 40 663 2 39 664 3 67 665 8 29 666 79 30 667 85 58 668 79 30 669 83 59 670 85 58 671 85 58 672 86 78 673 8 29 674</p>
        </triangles>
      </mesh>
    </geometry>
    <geometry id="Pi_NightVision_Cam_Assembly_047-mesh" name="Pi_NightVision_Cam_Assembly.047">
      <mesh>
        <source id="Pi_NightVision_Cam_Assembly_047-mesh-positions">
          <float_array id="Pi_NightVision_Cam_Assembly_047-mesh-positions-array" count="207">0.06850123 0.00394237 0.1089903 0.068452 0.01077771 0.1049923 0.06825196 0.009946405 0.1089903 0.0687505 0.00394237 0.1189953 0.08075499 0.009946405 0.1089903 0.07324898 -0.002852976 0.1086578 0.06924897 -0.005055546 0.1089903 0.06924897 -0.005055546 0.1329953 0.08075499 -0.005055546 0.1089903 0.07675498 -0.004056572 0.1049923 0.08135199 -0.004748404 0.1049923 0.08150196 -0.004668056 0.1369923 0.08875197 -0.005005538 0.1049923 0.08899974 0.01099216 0.1049923 0.08853769 -0.005005538 0.1147423 0.06925195 0.009944379 0.1082423 0.08075195 0.009944379 0.1082423 0.08075195 -0.004055559 0.1082423 0.07675498 -0.004056572 0.1088033 0.07675498 -0.002050578 0.1086162 0.06925195 -0.004055559 0.1082423 0.06865197 -0.004805564 0.1049923 0.07324898 -0.004056572 0.1049923 0.08875197 -0.005005538 0.1369923 0.090002 -0.01170355 0.1129953 0.08853769 -0.01770555 0.1144927 0.09125196 -0.01770555 0.1129953 0.09041863 -0.01170653 0.1369923 0.0903145 -0.01770555 0.1309922 0.09041863 0.01099437 0.1369923 0.09041863 0.01699441 0.1309922 0.09105139 0.01199638 0.1209893 0.09106963 -0.01270854 0.1209893 0.09100121 -0.01270854 0.1259952 0.08150196 0.01087516 0.1049923 0.08845019 0.01099389 0.1129953 0.09062695 0.01699441 0.1129953 0.09125196 0.01099139 0.1129953 0.09041863 -0.01170355 0.1049923 0.08135199 0.0108087 0.1369923 0.07391607 0.01094347 0.1176801 0.06850194 0.01085346 0.1369923 0.0767768 0.01093804 0.1172429 0.07717001 0.01296401 0.116905 0.07802259 0.01293569 0.1143841 0.07221359 0.01095396 0.1158737 0.07437217 0.01298803 0.1117568 0.07805722 0.0109229 0.1139977 0.07562065 0.01094377 0.1117344 0.07683521 0.01299661 0.112388 0.07474941 0.0130006 0.1177282 0.07245433 0.01300024 0.1163863 0.07217329 0.01295524 0.1136338 0.07249772 0.01093643 0.1128287 0.06850123 0.009946405 0.1189953 0.06924897 0.009946405 0.1329953 0.08075499 0.009946405 0.1329953 0.07675498 -0.002050518 0.1334221 0.07324898 -0.002852976 0.1332941 0.08075499 -0.005055546 0.1329953 0.07675498 -0.00405687 0.133182 0.07324898 -0.004056215 0.1358953 0.07675498 -0.004056036 0.1358953 0.08075195 -0.004055559 0.1337423 0.06875199 -0.004722237 0.1369923 0.06925195 -0.004055559 0.1337423 0.06925195 0.009944379 0.1337423 0.08075195 0.009944379 0.1337423 0.09106963 0.01199638 0.1259952</float_array>
          <technique_common>
            <accessor source="#Pi_NightVision_Cam_Assembly_047-mesh-positions-array" count="69" stride="3">
              <param name="X" type="float" />
              <param name="Y" type="float" />
              <param name="Z" type="float" />
            </accessor>
          </technique_common>
        </source>
        <source id="Pi_NightVision_Cam_Assembly_047-mesh-normals">
          <float_array id="Pi_NightVision_Cam_Assembly_047-mesh-normals-array" count="207">0.05817902 0.7224288 0.6889934 -0.01701891 0.7060604 0.7079471 -0.5767375 0.1239032 0.8074788 0.1009339 -0.740674 -0.6642398 -0.5167328 -0.4964126 -0.6975399 -0.4600057 0.5794886 -0.6727465 0.9977692 -0.0151636 -0.06501394 0.9998239 -0.01266032 -0.01384842 0.9050878 -0.2200024 -0.3638889 0.0148735 0.8707052 0.4915806 -0.5235478 0.5539313 0.6473468 0.04633998 0.2166105 0.9751577 -0.5301351 -0.501031 0.6840502 -0.3678867 0.3563457 -0.8588813 -0.3562487 0.3933617 -0.8475574 0.01551806 0.9685944 -0.2481614 -0.3455798 -0.3912095 -0.8529536 -0.5685422 0.6840709 0.4569539 0.512626 -0.5046181 -0.6946763 0.4116341 0.4505674 -0.7921783 0.4795596 -0.5284922 -0.7005132 -0.243794 -0.9537815 -0.1756855 0.4852251 0.5774938 -0.6565498 -0.1951406 0.8634881 0.46509 -0.5416068 -0.09049087 0.8357474 0.3386324 -0.3367303 0.8786017 -0.5790079 -0.5829598 -0.5700069 -0.706413 -0.6042045 0.3686701 -0.3127117 0.8020175 -0.5089002 -0.636774 0.7481007 0.18672 -0.1063403 0.755706 0.64622 -0.6256393 0.6321877 0.4570714 -0.06401622 0.794533 -0.6038373 0.5431895 0.5643489 0.6216555 0.5187944 -0.4961107 0.6962231 0.5124832 0.567133 0.6447644 0.6411482 0.7653464 -0.0563392 0.5927304 0.6365068 0.4934875 0.2105424 0.7915504 0.5736898 0.0849778 0.8323132 -0.5477532 0.4868078 0.5828363 -0.6506304 -0.1265255 0.657482 -0.742771 -0.4673241 0.810665 -0.3527469 -0.7057222 0.6947072 -0.1390624 0.1086184 0.8349078 -0.5395658 0.9467536 -0.3118509 -0.08004182 0.3919716 0.3234592 -0.861239 -0.1077662 0.655124 0.7477961 -0.4243413 -0.6393317 0.6412406 0.2859727 -0.9555767 0.07136458 -0.5775684 -0.5826742 0.5717567 0.07868808 -0.934414 0.3473885 -0.5611096 0.5115814 -0.650723 0.1341849 0.1270395 -0.9827795 -0.5566708 -0.8307291 -0.002610266 0.9216268 0.2964605 0.2504303 -0.8130862 -0.04223358 0.5806095 -0.2951369 0.6846305 -0.6664649 0.7531908 0.6525092 -0.08327966 0.4967539 0.4824728 -0.721426 0.1559 -0.8310284 -0.5339357 0.03312224 -0.8632839 0.5036307 -0.4015265 0.3373557 0.8514504 -0.7923088 -0.5636456 -0.2335602 -0.9662815 -0.25742 0.005915284 0.5670582 -0.5830411 -0.5818145 -0.3908179 -0.5366048 -0.7478748 0.163327 -0.5563037 0.8147702 -0.9326726 0.2155639 -0.2892303</float_array>
          <technique_common>
            <accessor source="#Pi_NightVision_Cam_Assembly_047-mesh-normals-array" count="69" stride="3">
              <param name="X" type="float" />
              <param name="Y" type="float" />
              <param name="Z" type="float" />
            </accessor>
          </technique_common>
        </source>
        <source id="Pi_NightVision_Cam_Assembly_047-mesh-map-0">
          <float_array id="Pi_NightVision_Cam_Assembly_047-mesh-map-0-array" count="876">0 0 0 0 0 0 0 0 0 0 0 0 0 0 0 0 0 0 0 0 0 0 0 0 0 0 0 0 0 0 0 0 0 0 0 0 0 0 0 0 0 0 0 0 0 0 0 0 0 0 0 0 0 0 0 0 0 0 0 0 0 0 0 0 0 0 0 0 0 0 0 0 0 0 0 0 0 0 0 0 0 0 0 0 0 0 0 0 0 0 0 0 0 0 0 0 0 0 0 0 0 0 0 0 0 0 0 0 0 0 0 0 0 0 0 0 0 0 0 0 0 0 0 0 0 0 0 0 0 0 0 0 0 0 0 0 0 0 0 0 0 0 0 0 0 0 0 0 0 0 0 0 0 0 0 0 0 0 0 0 0 0 0 0 0 0 0 0 0 0 0 0 0 0 0 0 0 0 0 0 0 0 0 0 0 0 0 0 0 0 0 0 0 0 0 0 0 0 0 0 0 0 0 0 0 0 0 0 0 0 0 0 0 0 0 0 0 0 0 0 0 0 0 0 0 0 0 0 0 0 0 0 0 0 0 0 0 0 0 0 0 0 0 0 0 0 0 0 0 0 0 0 0 0 0 0 0 0 0 0 0 0 0 0 0 0 0 0 0 0 0 0 0 0 0 0 0 0 0 0 0 0 0 0 0 0 0 0 0 0 0 0 0 0 0 0 0 0 0 0 0 0 0 0 0 0 0 0 0 0 0 0 0 0 0 0 0 0 0 0 0 0 0 0 0 0 0 0 0 0 0 0 0 0 0 0 0 0 0 0 0 0 0 0 0 0 0 0 0 0 0 0 0 0 0 0 0 0 0 0 0 0 0 0 0 0 0 0 0 0 0 0 0 0 0 0 0 0 0 0 0 0 0 0 0 0 0 0 0 0 0 0 0 0 0 0 0 0 0 0 0 0 0 0 0 0 0 0 0 0 0 0 0 0 0 0 0 0 0 0 0 0 0 0 0 0 0 0 0 0 0 0 0 0 0 0 0 0 0 0 0 0 0 0 0 0 0 0 0 0 0 0 0 0 0 0 0 0 0 0 0 0 0 0 0 0 0 0 0 0 0 0 0 0 0 0 0 0 0 0 0 0 0 0 0 0 0 0 0 0 0 0 0 0 0 0 0 0 0 0 0 0 0 0 0 0 0 0 0 0 0 0 0 0 0 0 0 0 0 0 0 0 0 0 0 0 0 0 0 0 0 0 0 0 0 0 0 0 0 0 0 0 0 0 0 0 0 0 0 0 0 0 0 0 0 0 0 0 0 0 0 0 0 0 0 0 0 0 0 0 0 0 0 0 0 0 0 0 0 0 0 0 0 0 0 0 0 0 0 0 0 0 0 0 0 0 0 0 0 0 0 0 0 0 0 0 0 0 0 0 0 0 0 0 0 0 0 0 0 0 0 0 0 0 0 0 0 0 0 0 0 0 0 0 0 0 0 0 0 0 0 0 0 0 0 0 0 0 0 0 0 0 0 0 0 0 0 0 0 0 0 0 0 0 0 0 0 0 0 0 0 0 0 0 0 0 0 0 0 0 0 0 0 0 0 0 0 0 0 0 0 0 0 0 0 0 0 0 0 0 0 0 0 0 0 0 0 0 0 0 0 0 0 0 0 0 0 0 0 0 0 0 0 0 0 0 0 0 0 0 0 0 0 0 0 0 0 0 0 0 0 0 0 0 0 0 0 0 0 0 0 0 0 0 0 0 0 0 0 0 0 0 0 0 0 0 0 0 0 0 0 0 0 0 0 0 0 0 0 0 0 0 0 0 0 0 0 0 0 0 0 0 0 0 0 0 0 0 0 0 0 0 0 0 0 0 0 0 0 0 0 0 0 0 0 0 0 0 0 0 0 0 0 0 0 0 0 0 0 0 0 0 0 0 0 0 0 0 0 0 0 0 0 0 0 0 0 0 0 0 0 0 0 0 0 0 0 0 0 0 0 0 0 0 0 0 0 0 0 0 0 0 0 0 0 0</float_array>
          <technique_common>
            <accessor source="#Pi_NightVision_Cam_Assembly_047-mesh-map-0-array" count="438" stride="2">
              <param name="S" type="float" />
              <param name="T" type="float" />
            </accessor>
          </technique_common>
        </source>
        <vertices id="Pi_NightVision_Cam_Assembly_047-mesh-vertices">
          <input semantic="POSITION" source="#Pi_NightVision_Cam_Assembly_047-mesh-positions" />
        </vertices>
        <triangles material="camera_bracket_material-material" count="146">
          <input semantic="VERTEX" source="#Pi_NightVision_Cam_Assembly_047-mesh-vertices" offset="0" />
          <input semantic="NORMAL" source="#Pi_NightVision_Cam_Assembly_047-mesh-normals" offset="1" />
          <input semantic="TEXCOORD" source="#Pi_NightVision_Cam_Assembly_047-mesh-map-0" offset="2" set="0" />
          <p>62 0 0 61 1 1 64 2 2 10 3 3 16 4 4 34 5 5 68 6 6 32 7 7 31 8 8 68 6 9 31 8 10 30 9 11 63 10 12 39 11 13 67 12 14 16 4 15 1 13 16 34 5 17 22 14 18 9 15 19 21 16 20 18 17 21 10 3 22 9 15 23 15 18 24 21 16 25 1 13 26 24 19 27 26 20 28 25 21 29 22 14 30 20 22 31 5 23 32 39 11 33 11 24 34 23 25 35 56 26 36 57 27 37 58 28 38 45 29 39 40 30 40 51 31 41 30 9 42 35 32 43 29 33 44 66 34 45 64 2 46 65 35 47 47 36 48 43 37 49 42 38 50 48 39 51 49 40 52 47 36 53 46 41 54 53 42 55 52 43 56 35 32 57 36 44 58 37 45 59 39 11 60 66 34 61 67 12 62 60 46 63 61 1 64 62 0 65 57 27 66 66 34 67 58 28 68 18 17 69 22 14 70 5 23 71 50 47 72 40 30 73 42 38 74 6 48 75 21 16 76 8 49 77 4 50 78 59 51 79 56 26 80 10 3 81 17 52 82 16 4 83 6 48 84 18 17 85 5 23 86 10 3 87 12 53 88 14 54 89 68 6 90 33 55 91 32 7 92 6 48 93 0 56 94 3 57 95 53 42 96 48 39 97 1 13 98 39 11 99 29 33 100 35 32 101 44 58 102 43 37 103 47 36 104 63 10 105 11 24 106 39 11 107 16 4 108 15 18 109 1 13 110 12 53 111 34 5 112 13 59 113 3 57 114 21 16 115 64 2 116 10 3 117 21 16 118 9 15 119 18 17 120 17 52 121 10 3 122 15 18 123 20 22 124 21 16 125 22 14 126 21 16 127 20 22 128 39 11 129 47 36 130 42 38 131 12 53 132 38 60 133 24 19 134 46 41 135 49 40 136 48 39 137 26 20 138 28 61 139 25 21 140 56 26 141 59 51 142 57 27 143 32 7 144 33 55 145 28 61 146 53 42 147 45 29 148 52 43 149 45 29 150 51 31 151 52 43 152 48 39 153 53 42 154 46 41 155 30 9 156 36 44 157 35 32 158 66 34 159 41 62 160 64 2 161 40 30 162 50 47 163 51 31 164 19 63 165 5 23 166 15 18 167 44 58 168 47 36 169 49 40 170 49 40 171 43 37 172 44 58 173 19 63 174 4 50 175 0 56 176 54 64 177 41 62 178 1 13 179 50 47 180 49 40 181 52 43 182 56 26 183 55 65 184 54 64 185 13 59 186 35 32 187 37 45 188 39 11 189 41 62 190 66 34 191 60 46 192 58 28 193 61 1 194 58 28 195 60 46 196 7 66 197 18 17 198 9 15 199 22 14 200 14 54 201 25 21 202 28 61 203 43 37 204 50 47 205 42 38 206 59 51 207 11 24 208 64 2 209 6 48 210 64 2 211 21 16 212 58 28 213 65 35 214 61 1 215 65 35 216 64 2 217 61 1 218 11 24 219 63 10 220 62 0 221 63 10 222 60 46 223 62 0 224 11 24 225 62 0 226 64 2 227 31 8 228 32 7 229 37 45 230 37 45 231 36 44 232 31 8 233 36 44 234 30 9 235 31 8 236 30 9 237 29 33 238 68 6 239 29 33 240 27 67 241 68 6 242 27 67 243 28 61 244 68 6 245 23 25 246 27 67 247 29 33 248 29 33 249 39 11 250 23 25 251 57 27 252 60 46 253 63 10 254 63 10 255 67 12 256 57 27 257 67 12 258 66 34 259 57 27 260 66 34 261 65 35 262 58 28 263 4 50 264 8 49 265 59 51 266 8 49 267 19 63 268 18 17 269 5 23 270 0 56 271 6 48 272 6 48 273 8 49 274 18 17 275 23 25 276 11 24 277 14 54 278 11 24 279 10 3 280 14 54 281 54 64 282 55 65 283 3 57 284 55 65 285 7 66 286 3 57 287 7 66 288 6 48 289 3 57 290 41 62 291 40 30 292 45 29 293 41 62 294 45 29 295 1 13 296 45 29 297 53 42 298 1 13 299 47 36 300 34 5 301 48 39 302 34 5 303 1 13 304 48 39 305 13 59 306 34 5 307 35 32 308 34 5 309 39 11 310 35 32 311 12 53 312 10 3 313 34 5 314 13 59 315 38 60 316 12 53 317 3 57 318 0 56 319 21 16 320 42 38 321 40 30 322 39 11 323 40 30 324 41 62 325 39 11 326 39 11 327 34 5 328 47 36 329 24 19 330 25 21 331 14 54 332 14 54 333 12 53 334 24 19 335 33 55 336 68 6 337 28 61 338 28 61 339 26 20 340 32 7 341 26 20 342 24 19 343 32 7 344 24 19 345 38 60 346 13 59 347 13 59 348 37 45 349 24 19 350 37 45 351 32 7 352 24 19 353 5 23 354 20 22 355 15 18 356 15 18 357 16 4 358 19 63 359 16 4 360 17 52 361 19 63 362 17 52 363 18 17 364 19 63 365 19 63 366 8 49 367 4 50 368 4 50 369 2 68 370 0 56 371 0 56 372 5 23 373 19 63 374 21 16 375 0 56 376 1 13 377 0 56 378 2 68 379 1 13 380 54 64 381 3 57 382 41 62 383 3 57 384 64 2 385 41 62 386 1 13 387 2 68 388 54 64 389 52 43 390 51 31 391 50 47 392 50 47 393 43 37 394 49 40 395 49 40 396 46 41 397 52 43 398 2 68 399 4 50 400 54 64 401 4 50 402 56 26 403 54 64 404 60 46 405 57 27 406 59 51 407 7 66 408 55 65 409 58 28 410 55 65 411 56 26 412 58 28 413 60 46 414 59 51 415 7 66 416 27 67 417 23 25 418 28 61 419 23 25 420 14 54 421 28 61 422 8 49 423 21 16 424 10 3 425 64 2 426 6 48 427 7 66 428 59 51 429 8 49 430 11 24 431 8 49 432 10 3 433 11 24 434 64 2 435 7 66 436 59 51 437</p>
        </triangles>
      </mesh>
    </geometry>
    <geometry id="Pi_NightVision_Cam_Assembly_046-mesh" name="Pi_NightVision_Cam_Assembly.046">
      <mesh>
        <source id="Pi_NightVision_Cam_Assembly_046-mesh-positions">
          <float_array id="Pi_NightVision_Cam_Assembly_046-mesh-positions-array" count="393">0.097552 0.009278118 0.1351193 0.09555196 0.009278118 0.1301214 0.09405195 0.009278118 0.1351193 0.097552 0.01378011 0.1353703 0.09555196 0.01377964 0.135203 0.09405195 0.01377815 0.1301214 0.09405195 0.01377815 0.1351193 0.09555196 0.01377815 0.1301214 0.09405195 0.009278118 0.1301214 0.09555196 0.01764333 0.1274889 0.09405195 0.01826393 0.1297523 0.107052 0.01893126 0.1285486 0.09405195 0.01888471 0.1287766 0.107052 0.02148318 0.1300998 0.108052 0.02157157 0.1303127 0.107052 0.02135407 0.1322976 0.09405195 0.02295738 0.1336652 0.09555196 0.01959598 0.1318095 0.09405195 0.02367818 0.1353656 0.09555196 0.02387213 0.135339 0.097552 0.02144223 0.1338869 0.108052 0.01959598 0.1318095 0.097552 0.01830303 0.1295006 0.108052 0.01746523 0.1267971 0.108052 0.02000898 0.1257605 0.097552 0.01741963 0.1246585 0.1077206 0.01854813 0.1208463 0.108052 0.02114737 0.1210662 0.108052 0.02053409 0.1176236 0.097552 0.01936 0.1193663 0.107052 0.02384722 0.116385 0.09405195 0.02295738 0.1170775 0.107052 0.02389198 0.1181272 0.09405195 0.02112829 0.1172201 0.097552 0.02535891 0.1150273 0.097552 0.02207863 0.1164535 0.108052 0.02475643 0.11788 0.108052 0.02569907 0.1148836 0.097552 0.02877372 0.1146302 0.097552 0.01378011 0.1149533 0.09205198 0.01378011 0.1148703 0.09405195 0.02493375 0.1151324 0.09405195 0.0288679 0.1152947 0.09205198 0.03224325 0.1156143 0.108052 0.03177839 0.1149536 0.108052 0.03046238 0.1172164 0.108052 0.03638559 0.1182676 0.09205198 0.03528654 0.117074 0.108052 0.03517371 0.1207645 0.09205198 0.03797715 0.1209807 0.107052 0.0350967 0.1183246 0.107052 0.03515899 0.1205648 0.107052 0.03803545 0.1232219 0.09405195 0.03781378 0.1214195 0.09205198 0.03884512 0.1252873 0.09405195 0.03859061 0.1267295 0.09405195 0.03809684 0.1253713 0.108052 0.03881281 0.1225476 0.107052 0.03892254 0.1272503 0.108052 0.0388869 0.12712 0.108052 0.03980916 0.1302566 0.108052 0.03652453 0.1248298 0.107052 0.03644329 0.1276918 0.107052 0.03734803 0.1291331 0.107052 0.03657639 0.13238 0.107052 0.03662317 0.1347705 0.09205198 0.03776705 0.1308481 0.09205198 0.03748106 0.1301276 0.107052 0.03111863 0.1359515 0.09205198 0.03315907 0.134785 0.097552 0.02875506 0.1361375 0.09205198 0.01378011 0.1358729 0.097552 0.01378011 0.13579 0.09205198 0.0287857 0.1358812 0.09405195 0.02877503 0.1354074 0.09405195 0.03162044 0.1346408 0.107052 0.02939349 0.1351135 0.107052 0.03415679 0.1333566 0.09405195 0.03652751 0.1312075 0.107052 0.02493584 0.1346408 0.107052 0.02479273 0.1328744 0.108052 0.02493464 0.132892 0.108052 0.0220133 0.1341099 0.107552 0.0202614 0.1348475 0.107052 0.02203869 0.1341038 0.097552 0.02513927 0.1356404 0.107052 0.02479779 0.135622 0.108052 0.02523368 0.1375976 0.107052 0.02421301 0.1372407 0.107052 0.0307374 0.1376246 0.108052 0.03596383 0.1283112 0.108052 0.03086382 0.1375128 0.108052 0.03600066 0.1353179 0.107052 0.03996741 0.1298745 0.107552 0.04072701 0.1263696 0.09405195 0.03268533 0.1347458 0.107052 0.03027236 0.1172835 0.107052 0.03083914 0.1158144 0.09405195 0.03458565 0.1172462 0.09405195 0.03656375 0.1198348 0.09205198 0.02878266 0.1148737 0.09555196 0.0234307 0.1155484 0.09555393 0.01957052 0.1189515 0.097552 0.01850366 0.1208958 0.09405195 0.01754027 0.1241374 0.09555196 0.0136156 0.1206213 0.09554445 0.01826953 0.1211006 0.09555196 0.009278118 0.1206213 0.09555196 0.01113969 0.1249716 0.097552 0.01111388 0.1254258 0.097552 0.009678959 0.1277073 0.09405577 0.01343947 0.1203254 0.09405195 0.009278118 0.1206213 0.09405314 0.01134425 0.118227 0.097552 0.00973922 0.1230646 0.09555196 0.009469151 0.1229895 0.097552 0.009278118 0.1156243 0.097552 0.01129108 0.1183917 0.09405195 0.009278118 0.1156243 0.09406679 0.01378691 0.1162251 0.097552 0.01303613 0.1177793 0.097552 0.01279014 0.1178783 0.097552 0.01294708 0.1180239 0.097552 0.01553285 0.1163163 0.09555321 0.01380312 0.1157011 0.097552 0.01378011 0.1153728 0.107052 0.01986044 0.1244425 0.107052 0.01884186 0.1221683 0.09405195 0.01909655 0.1215662 0.09405195 0.01884424 0.1204352 0.09555196 0.009893536 0.1275625</float_array>
          <technique_common>
            <accessor source="#Pi_NightVision_Cam_Assembly_046-mesh-positions-array" count="131" stride="3">
              <param name="X" type="float" />
              <param name="Y" type="float" />
              <param name="Z" type="float" />
            </accessor>
          </technique_common>
        </source>
        <source id="Pi_NightVision_Cam_Assembly_046-mesh-normals">
          <float_array id="Pi_NightVision_Cam_Assembly_046-mesh-normals-array" count="399">0.05745828 0.05862283 -0.9966253 0.6634615 -0.1760764 -0.7271974 0.5530378 -0.3784279 -0.7422544 0.7724871 -0.5138146 0.3731733 -0.83568 -0.4349834 0.3353034 0.8374128 -0.1786707 0.516543 -0.6637524 0.2524996 -0.7040432 -0.7970134 0.3303791 -0.5055881 -0.1897136 -0.05368906 -0.9803705 -0.6486488 -0.744594 0.1575899 -0.7628075 -0.5545996 0.3324816 -0.6717056 -0.5242652 0.5234097 -0.6371957 0.7251654 0.2609921 -0.7798486 0.5828509 0.2283 -0.7764039 0.6076129 -0.1673427 -0.6668141 0.5299164 -0.523973 0.8695446 -0.4810078 0.1119105 0.6607291 -0.5275158 -0.5340077 0.7918723 0.1811809 0.5831912 0.9090292 0.3106074 0.2778294 0.6114156 -0.741402 -0.2765756 0.7822251 -0.6220661 -0.03402572 0.6326205 -0.564544 -0.5301712 -0.1859459 -0.07592546 0.9796221 -0.6610184 -0.1683866 0.7312323 0.02413421 -0.6088788 0.7928961 -0.3215376 -0.2796604 -0.9046567 -0.5090928 0.2614106 0.8200544 0.6599125 0.6794702 0.3206804 -0.6349673 0.5511433 0.541348 0.6149715 0.4347392 0.6578845 -0.7171816 -0.6428383 0.2690902 -0.9315319 0.3135895 0.184147 -0.7758082 0.4500025 0.442289 -0.6477113 0.6579033 0.3842309 -0.9362736 -0.1088868 0.3339694 7.47899e-4 0.6666682 -0.7453542 0.8780267 0.03813689 0.47709 -0.72772 0.6600427 -0.1864601 -0.835002 0.2721741 0.4782186 -0.9516884 -0.05403554 -0.3022739 -0.9605084 0.2648724 -0.08524292 -0.7889113 0.132264 0.6001045 -0.7581601 -0.1620588 0.6316093 0.6607688 -0.7469285 0.07404422 0.729097 -0.6327338 0.2608941 -0.6394445 0.3549546 0.6819956 -0.5997657 -0.7960147 -0.08149743 -0.8082728 -0.5842562 0.07307314 -0.6135531 -0.7174841 0.3298022 -0.3669784 -0.5607199 -0.74224 -0.1676051 -0.3380144 0.9260965 0.686716 0.01010751 0.7268556 -0.8628157 0.04664921 -0.5033616 -0.9789751 0.1752666 0.1043528 -0.6692354 -0.7317835 -0.1289067 -0.6344522 0.1461174 0.7590258 -0.5679421 -0.6684698 -0.4801979 -0.6386269 -0.5134776 -0.5731461 -0.07368069 0.006042778 0.9972636 -0.5941939 -0.8040997 0.01890099 -0.096987 -0.7941842 -0.5998877 -0.7005524 -0.3117302 -0.6419118 -0.5773808 -0.5773501 -0.5773199 -0.7737842 0.08227205 -0.6280838 0.1398274 -0.5659739 -0.8124789 -0.7922977 0.3633064 0.4901764 -0.7903623 -0.6126367 0.001981854 -0.5919469 0.5800735 0.5595656 -0.2881222 -0.1046115 0.9518625 -0.7083293 -0.6299126 -0.3185588 -0.6589421 0.4906048 -0.5701775 0.6503217 0.238638 -0.7212029 0.7352576 -0.3626898 -0.572584 0.2068396 -0.9422426 -0.2634322 0.6654611 0.5582499 -0.4954984 0.3615348 -0.6776666 0.6403598 -0.8578293 -0.285871 0.427091 -0.5739467 -0.558034 0.5993191 -0.6722015 -0.6885321 -0.272156 0.8092563 -0.5852485 -0.05087679 0.6358224 -0.7145822 -0.2917225 -0.5789191 -0.5808145 0.5722826 -0.8195762 -0.3992766 -0.4109418 0.9112982 0.1822631 -0.3692095 -0.8752947 0.04747289 -0.4812543 -0.6656683 0.7039277 0.2477326 -0.8692805 0.4919965 0.04786229 0.7900563 0.5203139 -0.3241678 0.8407682 0.5219091 -0.1439434 0.2162674 -0.05703735 0.9746668 0.4284917 0.6190942 -0.6581164 -0.8280746 -0.4028114 0.3899174 -0.8078468 -0.5296316 -0.2586001 -0.6626511 -0.6971094 -0.2737373 -0.6530449 0.7254582 -0.2173543 -0.6687799 -0.09243327 -0.737692 0.6546385 0.7295858 -0.197871 -0.658374 -0.4447327 -0.6072533 -0.7375078 -0.2119604 0.6412137 -0.0568841 0.6257916 -0.7779135 0.7414533 -0.4307203 0.5145163 0.6700196 -0.6094256 0.4238799 0.852183 -0.3100203 -0.4215111 -0.9104253 -0.2231885 -0.3482999 0.559018 -0.8291106 0.008634448 -0.598199 -0.8013007 -0.008664786 0.00627011 -0.9999804 -6.79262e-5 -0.2179476 -0.08192205 0.9725162 -0.7747703 -0.2605766 -0.5760478 0.5923877 -0.1415899 0.7931136 -0.6282895 -0.3217191 0.7083426 0 -0.9249132 0.3801783 0 -0.7359957 -0.6769863 0 -0.3109485 -0.9504269 0.7222778 -0.6415998 0.2581945 0.1355488 0.8017877 -0.5820335 0.7221124 -0.406927 -0.5594321 0.5760492 -0.5830054 -0.5729504 0.7219796 0.6917625 0.01449728 0.6911368 -0.7111082 -0.1290545 -0.5808502 -0.5636698 -0.587273 -0.7496904 -0.3585953 -0.5562138 0.8438442 -0.3939172 -0.3643574 0.6953436 0.1621372 0.7001492 0.07860136 -0.5155568 0.8532426 -0.8558136 -0.5158453 0.03855943 0.5726677 -0.8197876 -2.6333e-5 -0.5773503 0.5773503 -0.5773503 -0.5945571 -0.7342566 0.3276724 0.5788969 -0.5884088 0.564494 -0.4322591 0.4547802 -0.7786701 -0.7858397 0.5477287 -0.2871399</float_array>
          <technique_common>
            <accessor source="#Pi_NightVision_Cam_Assembly_046-mesh-normals-array" count="133" stride="3">
              <param name="X" type="float" />
              <param name="Y" type="float" />
              <param name="Z" type="float" />
            </accessor>
          </technique_common>
        </source>
        <source id="Pi_NightVision_Cam_Assembly_046-mesh-map-0">
          <float_array id="Pi_NightVision_Cam_Assembly_046-mesh-map-0-array" count="1596">0 0 0 0 0 0 0 0 0 0 0 0 0 0 0 0 0 0 0 0 0 0 0 0 0 0 0 0 0 0 0 0 0 0 0 0 0 0 0 0 0 0 0 0 0 0 0 0 0 0 0 0 0 0 0 0 0 0 0 0 0 0 0 0 0 0 0 0 0 0 0 0 0 0 0 0 0 0 0 0 0 0 0 0 0 0 0 0 0 0 0 0 0 0 0 0 0 0 0 0 0 0 0 0 0 0 0 0 0 0 0 0 0 0 0 0 0 0 0 0 0 0 0 0 0 0 0 0 0 0 0 0 0 0 0 0 0 0 0 0 0 0 0 0 0 0 0 0 0 0 0 0 0 0 0 0 0 0 0 0 0 0 0 0 0 0 0 0 0 0 0 0 0 0 0 0 0 0 0 0 0 0 0 0 0 0 0 0 0 0 0 0 0 0 0 0 0 0 0 0 0 0 0 0 0 0 0 0 0 0 0 0 0 0 0 0 0 0 0 0 0 0 0 0 0 0 0 0 0 0 0 0 0 0 0 0 0 0 0 0 0 0 0 0 0 0 0 0 0 0 0 0 0 0 0 0 0 0 0 0 0 0 0 0 0 0 0 0 0 0 0 0 0 0 0 0 0 0 0 0 0 0 0 0 0 0 0 0 0 0 0 0 0 0 0 0 0 0 0 0 0 0 0 0 0 0 0 0 0 0 0 0 0 0 0 0 0 0 0 0 0 0 0 0 0 0 0 0 0 0 0 0 0 0 0 0 0 0 0 0 0 0 0 0 0 0 0 0 0 0 0 0 0 0 0 0 0 0 0 0 0 0 0 0 0 0 0 0 0 0 0 0 0 0 0 0 0 0 0 0 0 0 0 0 0 0 0 0 0 0 0 0 0 0 0 0 0 0 0 0 0 0 0 0 0 0 0 0 0 0 0 0 0 0 0 0 0 0 0 0 0 0 0 0 0 0 0 0 0 0 0 0 0 0 0 0 0 0 0 0 0 0 0 0 0 0 0 0 0 0 0 0 0 0 0 0 0 0 0 0 0 0 0 0 0 0 0 0 0 0 0 0 0 0 0 0 0 0 0 0 0 0 0 0 0 0 0 0 0 0 0 0 0 0 0 0 0 0 0 0 0 0 0 0 0 0 0 0 0 0 0 0 0 0 0 0 0 0 0 0 0 0 0 0 0 0 0 0 0 0 0 0 0 0 0 0 0 0 0 0 0 0 0 0 0 0 0 0 0 0 0 0 0 0 0 0 0 0 0 0 0 0 0 0 0 0 0 0 0 0 0 0 0 0 0 0 0 0 0 0 0 0 0 0 0 0 0 0 0 0 0 0 0 0 0 0 0 0 0 0 0 0 0 0 0 0 0 0 0 0 0 0 0 0 0 0 0 0 0 0 0 0 0 0 0 0 0 0 0 0 0 0 0 0 0 0 0 0 0 0 0 0 0 0 0 0 0 0 0 0 0 0 0 0 0 0 0 0 0 0 0 0 0 0 0 0 0 0 0 0 0 0 0 0 0 0 0 0 0 0 0 0 0 0 0 0 0 0 0 0 0 0 0 0 0 0 0 0 0 0 0 0 0 0 0 0 0 0 0 0 0 0 0 0 0 0 0 0 0 0 0 0 0 0 0 0 0 0 0 0 0 0 0 0 0 0 0 0 0 0 0 0 0 0 0 0 0 0 0 0 0 0 0 0 0 0 0 0 0 0 0 0 0 0 0 0 0 0 0 0 0 0 0 0 0 0 0 0 0 0 0 0 0 0 0 0 0 0 0 0 0 0 0 0 0 0 0 0 0 0 0 0 0 0 0 0 0 0 0 0 0 0 0 0 0 0 0 0 0 0 0 0 0 0 0 0 0 0 0 0 0 0 0 0 0 0 0 0 0 0 0 0 0 0 0 0 0 0 0 0 0 0 0 0 0 0 0 0 0 0 0 0 0 0 0 0 0 0 0 0 0 0 0 0 0 0 0 0 0 0 0 0 0 0 0 0 0 0 0 0 0 0 0 0 0 0 0 0 0 0 0 0 0 0 0 0 0 0 0 0 0 0 0 0 0 0 0 0 0 0 0 0 0 0 0 0 0 0 0 0 0 0 0 0 0 0 0 0 0 0 0 0 0 0 0 0 0 0 0 0 0 0 0 0 0 0 0 0 0 0 0 0 0 0 0 0 0 0 0 0 0 0 0 0 0 0 0 0 0 0 0 0 0 0 0 0 0 0 0 0 0 0 0 0 0 0 0 0 0 0 0 0 0 0 0 0 0 0 0 0 0 0 0 0 0 0 0 0 0 0 0 0 0 0 0 0 0 0 0 0 0 0 0 0 0 0 0 0 0 0 0 0 0 0 0 0 0 0 0 0 0 0 0 0 0 0 0 0 0 0 0 0 0 0 0 0 0 0 0 0 0 0 0 0 0 0 0 0 0 0 0 0 0 0 0 0 0 0 0 0 0 0 0 0 0 0 0 0 0 0 0 0 0 0 0 0 0 0 0 0 0 0 0 0 0 0 0 0 0 0 0 0 0 0 0 0 0 0 0 0 0 0 0 0 0 0 0 0 0 0 0 0 0 0 0 0 0 0 0 0 0 0 0 0 0 0 0 0 0 0 0 0 0 0 0 0 0 0 0 0 0 0 0 0 0 0 0 0 0 0 0 0 0 0 0 0 0 0 0 0 0 0 0 0 0 0 0 0 0 0 0 0 0 0 0 0 0 0 0 0 0 0 0 0 0 0 0 0 0 0 0 0 0 0 0 0 0 0 0 0 0 0 0 0 0 0 0 0 0 0 0 0 0 0 0 0 0 0 0 0 0 0 0 0 0 0 0 0 0 0 0 0 0 0 0 0 0 0 0 0 0 0 0 0 0 0 0 0 0 0 0 0 0 0 0 0 0 0 0 0 0 0 0 0 0 0 0 0 0 0 0 0 0 0 0 0 0 0 0 0 0 0 0 0 0 0 0 0 0 0 0 0 0 0 0 0 0 0 0 0 0 0 0 0 0 0 0 0 0 0 0 0 0 0 0 0 0 0 0 0 0 0 0 0 0 0 0 0 0 0 0 0 0 0 0 0 0 0 0 0 0 0 0 0 0 0 0 0 0 0 0 0 0 0 0 0 0 0 0 0 0 0 0 0 0 0 0 0 0 0 0 0 0 0 0 0 0 0 0 0 0 0 0 0 0 0 0 0 0 0 0 0 0 0 0 0 0 0 0 0 0 0 0 0 0 0 0 0 0 0 0 0 0 0 0 0 0 0 0 0 0 0 0 0 0 0 0 0 0 0 0 0 0 0 0 0 0 0 0 0 0 0 0 0 0 0 0 0 0 0 0 0 0 0 0 0 0 0 0 0 0 0 0 0 0 0 0 0 0 0 0 0 0 0 0 0 0 0 0 0 0 0 0 0 0 0 0 0 0 0 0 0 0 0 0 0 0 0 0 0 0 0 0 0 0 0 0 0 0 0 0 0 0 0 0 0 0 0 0 0 0 0 0 0 0 0 0 0 0 0 0 0 0 0 0 0 0 0 0 0 0 0 0 0 0 0 0 0 0 0 0 0 0 0 0 0 0 0 0 0 0 0 0 0 0 0</float_array>
          <technique_common>
            <accessor source="#Pi_NightVision_Cam_Assembly_046-mesh-map-0-array" count="798" stride="2">
              <param name="S" type="float" />
              <param name="T" type="float" />
            </accessor>
          </technique_common>
        </source>
        <vertices id="Pi_NightVision_Cam_Assembly_046-mesh-vertices">
          <input semantic="POSITION" source="#Pi_NightVision_Cam_Assembly_046-mesh-positions" />
        </vertices>
        <triangles material="camera_bracket_material-material" count="266">
          <input semantic="VERTEX" source="#Pi_NightVision_Cam_Assembly_046-mesh-vertices" offset="0" />
          <input semantic="NORMAL" source="#Pi_NightVision_Cam_Assembly_046-mesh-normals" offset="1" />
          <input semantic="TEXCOORD" source="#Pi_NightVision_Cam_Assembly_046-mesh-map-0" offset="2" set="0" />
          <p>38 0 0 37 1 1 34 2 2 48 3 3 51 4 4 45 5 5 79 6 6 16 7 7 74 8 8 52 9 9 99 10 10 50 11 11 127 12 12 128 13 13 12 14 14 16 7 15 79 6 16 15 15 17 51 4 18 48 3 19 61 16 20 28 17 21 36 18 22 27 19 23 26 20 24 25 21 25 103 22 26 42 23 27 97 24 28 98 25 29 101 26 30 41 27 31 34 2 32 15 15 33 12 14 34 16 7 35 60 28 36 65 29 37 92 30 38 53 31 39 49 32 40 98 25 41 64 33 42 66 34 43 69 35 44 50 11 45 98 25 46 97 24 47 94 36 48 59 37 49 58 38 50 32 39 51 36 18 52 45 5 53 43 40 54 98 25 55 49 32 56 73 41 57 68 42 58 69 35 59 45 5 60 51 4 61 96 43 62 25 21 63 23 44 64 22 45 65 42 23 66 30 46 67 97 24 68 45 5 69 96 43 70 32 39 71 104 47 72 9 48 73 10 49 74 104 47 75 106 50 76 9 48 77 19 51 78 85 52 79 18 53 80 54 54 81 53 31 82 55 55 83 92 30 84 65 29 85 89 56 86 102 57 87 33 58 88 101 26 89 70 59 90 73 41 91 71 60 92 69 35 93 78 61 94 95 62 95 8 63 96 7 64 97 1 65 98 128 13 99 30 46 100 31 66 101 52 9 102 56 67 103 99 10 104 7 64 105 6 68 106 4 69 107 106 50 108 129 70 109 103 22 110 47 71 111 44 72 112 43 40 113 73 41 114 95 62 115 74 8 116 35 73 117 28 17 118 29 74 119 49 32 120 46 75 121 47 71 122 47 71 123 46 75 124 44 72 125 107 76 126 111 77 127 112 78 128 130 79 129 109 80 130 110 81 131 6 68 132 8 63 133 2 82 134 62 83 135 81 84 136 80 85 137 129 70 138 102 57 139 29 74 140 94 36 141 93 86 142 60 28 143 126 87 144 14 88 145 24 89 146 3 90 147 19 51 148 4 69 149 125 91 150 101 26 151 34 2 152 10 49 153 17 92 154 18 53 155 67 93 156 78 61 157 69 35 158 31 66 159 33 58 160 128 13 161 56 67 162 63 94 163 78 61 164 11 95 165 127 12 166 12 14 167 38 0 168 44 72 169 37 1 170 76 96 171 79 6 172 74 8 173 49 32 174 54 54 175 57 97 176 63 94 177 77 98 178 78 61 179 70 59 180 86 99 181 68 42 182 102 57 183 101 26 184 124 100 185 20 101 186 21 102 187 82 103 188 2 82 189 8 63 190 1 65 191 37 1 192 35 73 193 34 2 194 26 20 195 23 44 196 25 21 197 100 104 198 44 72 199 38 0 200 38 0 201 39 105 202 40 106 203 40 106 204 100 104 205 38 0 206 39 105 207 38 0 208 34 2 209 39 105 210 34 2 211 41 27 212 83 107 213 84 108 214 82 103 215 77 98 216 76 96 217 75 109 218 74 8 219 75 109 220 76 96 221 83 107 222 87 110 223 88 111 224 44 72 225 100 104 226 43 40 227 10 49 228 9 48 229 17 92 230 120 112 231 122 113 232 121 114 233 120 115 234 121 116 235 125 91 236 125 91 237 117 117 238 116 118 239 35 73 240 29 74 241 123 119 242 114 120 243 116 118 244 117 117 245 109 80 246 25 21 247 22 45 248 60 28 249 93 86 250 65 29 251 47 71 252 43 40 253 49 32 254 66 34 255 54 54 256 67 93 257 67 93 258 69 35 259 66 34 260 118 121 261 112 78 262 113 122 263 50 11 264 99 10 265 98 25 266 75 109 267 78 61 268 77 98 269 35 73 270 37 1 271 28 17 272 18 53 273 17 92 274 19 51 275 64 33 276 58 38 277 66 34 278 73 41 279 74 8 280 18 53 281 62 83 282 61 16 283 90 123 284 32 39 285 126 87 286 27 19 287 81 84 288 14 88 289 80 85 290 12 14 291 15 15 292 11 95 293 65 29 294 64 33 295 68 42 296 68 42 297 73 41 298 70 59 299 106 50 300 104 47 301 129 70 302 30 46 303 42 23 304 31 66 305 22 45 306 23 44 307 21 102 308 85 52 309 20 101 310 86 99 311 43 40 312 100 104 313 42 23 314 86 99 315 20 101 316 84 108 317 20 101 318 82 103 319 84 108 320 87 110 321 89 56 322 88 111 323 24 89 324 14 88 325 23 44 326 57 97 327 59 37 328 61 16 329 91 124 330 92 30 331 89 56 332 9 48 333 105 125 334 108 126 335 67 93 336 55 55 337 78 61 338 71 60 339 72 127 340 70 59 341 20 101 342 22 45 343 21 102 344 54 54 345 49 32 346 53 31 347 68 42 348 64 33 349 69 35 350 8 63 351 5 128 352 7 64 353 55 55 354 67 93 355 54 54 356 128 13 357 127 12 358 30 46 359 41 27 360 33 58 361 31 66 362 42 23 363 41 27 364 31 66 365 74 8 366 95 62 367 75 109 368 95 62 369 78 61 370 75 109 371 16 7 372 12 14 373 10 49 374 53 31 375 56 67 376 55 55 377 29 74 378 28 17 379 26 20 380 7 64 381 5 128 382 6 68 383 24 89 384 27 19 385 126 87 386 129 70 387 26 20 388 103 22 389 73 41 390 69 35 391 95 62 392 49 32 393 57 97 394 46 75 395 59 37 396 54 54 397 58 38 398 54 54 399 66 34 400 58 38 401 107 76 402 105 125 403 111 77 404 114 120 405 109 80 406 108 126 407 108 126 408 115 129 409 114 120 410 130 79 411 108 126 412 109 80 413 86 99 414 70 59 415 85 52 416 85 52 417 70 59 418 72 127 419 6 68 420 5 128 421 8 63 422 27 19 423 36 18 424 32 39 425 114 120 426 115 129 427 107 76 428 0 130 429 3 90 430 4 69 431 62 83 432 90 123 433 81 84 434 118 121 435 119 131 436 124 100 437 59 37 438 57 97 439 54 54 440 26 20 441 129 70 442 29 74 443 87 110 444 91 124 445 89 56 446 101 26 447 33 58 448 41 27 449 126 87 450 13 132 451 14 88 452 96 43 453 51 4 454 50 11 455 11 95 456 15 15 457 13 132 458 3 90 459 85 52 460 19 51 461 125 91 462 124 100 463 101 26 464 129 70 465 33 58 466 102 57 467 62 83 468 51 4 469 61 16 470 105 125 471 103 22 472 113 122 473 121 114 474 122 113 475 120 112 476 121 116 477 117 117 478 125 91 479 13 132 480 80 85 481 14 88 482 33 58 483 129 70 484 128 13 485 56 67 486 52 9 487 63 94 488 42 23 489 98 25 490 43 40 491 1 65 492 130 79 493 110 81 494 110 81 495 0 130 496 1 65 497 0 130 498 2 82 499 1 65 500 42 23 501 100 104 502 41 27 503 100 104 504 40 106 505 41 27 506 40 106 507 39 105 508 41 27 509 123 119 510 125 91 511 35 73 512 125 91 513 34 2 514 35 73 515 85 52 516 3 90 517 20 101 518 3 90 519 0 130 520 110 81 521 20 101 522 3 90 523 22 45 524 110 81 525 109 80 526 22 45 527 109 80 528 114 120 529 25 21 530 114 120 531 103 22 532 25 21 533 22 45 534 3 90 535 110 81 536 112 78 537 111 77 538 113 122 539 113 122 540 119 131 541 118 121 542 18 53 543 85 52 544 72 127 545 72 127 546 71 60 547 18 53 548 71 60 549 73 41 550 18 53 551 86 99 552 84 108 553 88 111 554 84 108 555 83 107 556 88 111 557 88 111 558 89 56 559 86 99 560 89 56 561 65 29 562 68 42 563 65 29 564 93 86 565 64 33 566 93 86 567 94 36 568 58 38 569 93 86 570 58 38 571 64 33 572 68 42 573 86 99 574 89 56 575 14 88 576 81 84 577 82 103 578 82 103 579 21 102 580 14 88 581 21 102 582 23 44 583 14 88 584 23 44 585 26 20 586 24 89 587 26 20 588 28 17 589 27 19 590 24 89 591 26 20 592 27 19 593 28 17 594 37 1 595 36 18 596 37 1 597 44 72 598 45 5 599 36 18 600 37 1 601 45 5 602 44 72 603 46 75 604 45 5 605 46 75 606 57 97 607 48 3 608 45 5 609 46 75 610 48 3 611 59 37 612 94 36 613 60 28 614 59 37 615 60 28 616 90 123 617 60 28 618 92 30 619 90 123 620 92 30 621 91 124 622 90 123 623 91 124 624 87 110 625 81 84 626 87 110 627 83 107 628 82 103 629 82 103 630 81 84 631 87 110 632 81 84 633 90 123 634 91 124 635 61 16 636 48 3 637 57 97 638 59 37 639 90 123 640 61 16 641 7 64 642 4 69 643 17 92 644 4 69 645 19 51 646 17 92 647 130 79 648 1 65 649 7 64 650 107 76 651 115 129 652 105 125 653 115 129 654 108 126 655 105 125 656 108 126 657 130 79 658 7 64 659 7 64 660 17 92 661 9 48 662 9 48 663 106 50 664 105 125 665 108 126 666 7 64 667 9 48 668 129 70 669 104 47 670 128 13 671 104 47 672 10 49 673 12 14 674 18 53 675 74 8 676 16 7 677 12 14 678 128 13 679 104 47 680 18 53 681 16 7 682 10 49 683 53 31 684 98 25 685 99 10 686 56 67 687 78 61 688 55 55 689 53 31 690 99 10 691 56 67 692 107 76 693 112 78 694 118 121 695 118 121 696 116 118 697 107 76 698 116 118 699 114 120 700 107 76 701 6 68 702 2 82 703 4 69 704 2 82 705 0 130 706 4 69 707 125 91 708 116 118 709 124 100 710 116 118 711 118 121 712 124 100 713 80 85 714 15 15 715 79 6 716 79 6 717 76 96 718 80 85 719 76 96 720 77 98 721 80 85 722 63 94 723 52 9 724 62 83 725 52 9 726 50 11 727 51 4 728 62 83 729 52 9 730 51 4 731 30 46 732 127 12 733 32 39 734 127 12 735 126 87 736 32 39 737 77 98 738 63 94 739 62 83 740 62 83 741 80 85 742 77 98 743 97 24 744 30 46 745 96 43 746 30 46 747 32 39 748 96 43 749 97 24 750 96 43 751 50 11 752 15 15 753 80 85 754 13 132 755 13 132 756 126 87 757 11 95 758 126 87 759 127 12 760 11 95 761 124 100 762 119 131 763 102 57 764 119 131 765 113 122 766 29 74 767 102 57 768 119 131 769 29 74 770 113 122 771 111 77 772 105 125 773 125 91 774 123 119 775 120 115 776 123 119 777 29 74 778 120 115 779 114 120 780 117 117 781 103 22 782 117 117 783 120 115 784 103 22 785 106 50 786 103 22 787 105 125 788 103 22 789 120 115 790 29 74 791 103 22 792 29 74 793 113 122 794 121 116 795 120 115 796 117 117 797</p>
        </triangles>
      </mesh>
    </geometry>
    <geometry id="Pi_NightVision_Cam_Assembly_045-mesh" name="Pi_NightVision_Cam_Assembly.045">
      <mesh>
        <source id="Pi_NightVision_Cam_Assembly_045-mesh-positions">
          <float_array id="Pi_NightVision_Cam_Assembly_045-mesh-positions-array" count="459">0.09205198 -0.02800971 0.1151077 0.09755194 -0.02799725 0.1148764 0.09205198 -0.01300466 0.115116 0.09205198 -0.0324856 0.1159664 0.108052 -0.02982586 0.1150082 0.108052 -0.030528 0.1179555 0.107052 -0.03007239 0.1160167 0.107052 -0.02711462 0.1173485 0.108052 -0.02680724 0.1173686 0.108052 -0.02350294 0.1154696 0.09755194 -0.01300466 0.1151989 0.09405195 -0.02415734 0.1153776 0.09555196 -0.02286684 0.1157804 0.09755194 -0.02334338 0.1155456 0.09555196 -0.01300346 0.1157261 0.09755194 -0.01300466 0.1157022 0.107052 -0.02303332 0.1186484 0.107052 -0.02415931 0.116348 0.108052 -0.02277636 0.11882 0.09405195 -0.02021461 0.1189845 0.107052 -0.01908248 0.1202371 0.09405195 -0.01769834 0.1241302 0.09405195 -0.01723325 0.1221323 0.09555196 -0.01792871 0.1203417 0.09555196 -0.01300162 0.1208675 0.09555196 -0.01668173 0.1263274 0.107052 -0.01769763 0.1257798 0.107052 -0.01986968 0.1222786 0.108052 -0.01652884 0.126563 0.108052 -0.02030211 0.1216145 0.108052 -0.01845365 0.1195713 0.09755194 -0.01848584 0.1195928 0.09405195 -0.01300162 0.1158695 0.09405195 -0.01300162 0.1208675 0.09755194 -0.01654601 0.1256165 0.108052 -0.01917278 0.1257821 0.09405195 -0.01807326 0.1305206 0.09555178 -0.0177077 0.1300663 0.108052 -0.02070552 0.130343 0.108052 -0.01893347 0.1322197 0.107555 -0.01818782 0.1307945 0.09405195 -0.01930522 0.132761 0.09405195 -0.01881837 0.1304054 0.09555196 -0.02091455 0.1342046 0.09405195 -0.02391427 0.1358242 0.107052 -0.02247226 0.133961 0.107052 -0.019216 0.131154 0.107052 -0.02307605 0.1337109 0.107052 -0.02403682 0.1331724 0.108052 -0.02416145 0.1332101 0.107052 -0.02945655 0.1354441 0.107052 -0.03512233 0.1287122 0.09405195 -0.02370315 0.134801 0.09405195 -0.02812904 0.1357108 0.09205198 -0.02800619 0.1361014 0.107052 -0.02916103 0.1364102 0.107052 -0.0289368 0.1381034 0.108052 -0.02994686 0.1379109 0.108052 -0.03451001 0.1360989 0.09205198 -0.03277868 0.1351884 0.107052 -0.03453499 0.1361364 0.107052 -0.03465145 0.1337688 0.108052 -0.03885018 0.1312128 0.108052 -0.03515261 0.128681 0.108052 -0.0380935 0.1274847 0.107052 -0.03880947 0.1311937 0.107052 -0.03809583 0.1281018 0.09205198 -0.03662425 0.1309889 0.1075519 -0.03995037 0.126729 0.09205198 -0.03832042 0.126316 0.107052 -0.03548634 0.131497 0.09405195 -0.03657263 0.1293761 0.09405195 -0.03662973 0.1306513 0.107052 -0.03724378 0.1267329 0.09405195 -0.03780859 0.1240558 0.09405195 -0.03731191 0.1243298 0.108052 -0.03575056 0.1249199 0.108052 -0.03811323 0.1232984 0.09205198 -0.0378623 0.1244641 0.09405195 -0.03495663 0.1187599 0.09205198 -0.03569048 0.1193318 0.107052 -0.0367704 0.1222727 0.107052 -0.03470116 0.1216145 0.107052 -0.03577077 0.1252284 0.108052 -0.03400808 0.1204154 0.108052 -0.03521376 0.1179054 0.09205198 -0.03707456 0.1203417 0.107052 -0.03180748 0.1184859 0.09405195 -0.02801162 0.1156371 0.09205198 -0.03207504 0.1163426 0.09405195 -0.031304 0.1162409 0.107052 -0.03442567 0.1186912 0.09405195 -0.02450716 0.11623 0.09405195 -0.02018862 0.1175861 0.09405195 -0.0330435 0.1340491 0.09205198 -0.03250944 0.1346276 0.09755194 -0.0245828 0.1359616 0.09755194 -0.01300466 0.1360355 0.09555196 -0.02419835 0.1358495 0.09755194 -0.01867687 0.1320121 0.0955528 -0.01854413 0.131546 0.107052 -0.02149385 0.1347525 0.108052 -0.0213415 0.1344217 0.108052 -0.02422118 0.1378675 0.107052 -0.02322185 0.1374999 0.09755194 -0.02262711 0.1352216 0.09755194 -0.01300466 0.135616 0.09555196 -0.01300388 0.1354483 0.09555196 -0.01300162 0.1345533 0.09755194 -0.008501648 0.1353645 0.09555196 -0.008501648 0.1303675 0.09405195 -0.008501648 0.1353645 0.09755259 -0.009873986 0.1323183 0.09405547 -0.01075881 0.1333203 0.09405195 -0.01157563 0.1333275 0.09405195 -0.01239663 0.1336115 0.09405195 -0.01187765 0.1332015 0.09405195 -0.01225966 0.1332095 0.09405195 -0.01201361 0.1331105 0.09405195 -0.01220363 0.1329274 0.09405195 -0.01213765 0.1330025 0.09405195 -0.01258462 0.1339935 0.09405267 -0.01313745 0.1349498 0.09405195 -0.008501648 0.1303675 0.09406107 -0.009994506 0.1314295 0.09755194 -0.009161174 0.1278107 0.09555196 -0.0100823 0.1266371 0.09555196 -0.01283913 0.1303675 0.09555196 -0.01501291 0.1305798 0.09555196 -0.01016181 0.1246782 0.09755194 -0.0103088 0.1252264 0.09405195 -0.008501648 0.1208675 0.09555196 -0.008501648 0.1208675 0.09405195 -0.008501648 0.1158695 0.09755194 -0.008501648 0.1158695 0.09755194 -0.008737385 0.1232163 0.09555196 -0.008607268 0.1232144 0.09405195 -0.01224565 0.1313545 0.09405195 -0.01188611 0.1310576 0.09405195 -0.01239663 0.1311225 0.09405195 -0.01229345 0.131426 0.09405195 -0.01258462 0.1307405 0.09405195 -0.01283913 0.1303675 0.09405195 -0.01282161 0.1303875 0.09405195 -0.01157563 0.1309075 0.09555196 -0.008692622 0.1279994 0.1075519 -0.01948422 0.1352061 0.107052 -0.01961165 0.1286931 0.09205198 -0.01300466 0.1361185 0.09755194 -0.02799725 0.1363587 0.107052 -0.02375292 0.1346653 0.09755194 -0.01771372 0.1300714 0.09405195 -0.01677095 0.1270303</float_array>
          <technique_common>
            <accessor source="#Pi_NightVision_Cam_Assembly_045-mesh-positions-array" count="153" stride="3">
              <param name="X" type="float" />
              <param name="Y" type="float" />
              <param name="Z" type="float" />
            </accessor>
          </technique_common>
        </source>
        <source id="Pi_NightVision_Cam_Assembly_045-mesh-normals">
          <float_array id="Pi_NightVision_Cam_Assembly_045-mesh-normals-array" count="474">-0.6665284 0.7371078 0.1114094 -0.7884234 0.6149907 0.0132336 -0.6256566 0.751277 -0.2100879 -0.6483353 0.1564313 -0.7451112 -0.07068276 0.5655169 -0.8217023 -0.1330983 0.1094905 -0.9850364 -0.6549389 0.179253 0.734114 -0.06848108 0.3994805 0.9141804 -0.6728942 0.5160414 0.5300139 0.8074763 -0.4376828 -0.3954945 -0.9380153 -0.003523468 -0.346576 -0.8686039 -0.4511203 -0.2049823 0.7609984 0.1837121 0.6221988 -0.7606225 0.009262442 0.6491284 -0.8230309 0.2722283 0.4985099 -0.6473904 0.7524798 0.1210777 -0.7960815 0.5123766 0.3220632 -0.8030835 0.5932331 0.05596047 0.04372602 -0.04733568 0.9979215 -0.7963383 -0.09575009 0.5972246 0.8540522 0.06432431 0.5161949 -0.6072259 -0.7536292 0.2516348 -0.4961517 0.08334231 -0.8642266 -0.9994471 -0.02350652 0.02351409 -0.8047407 0.3301846 0.4933261 -0.6417505 0.576834 0.5053899 -0.6815582 -0.1419283 -0.7178683 0.6615601 -0.7285584 -0.1775975 -0.6535925 -0.6619731 -0.3668905 0.6553569 -0.5333529 -0.5348291 0.05684566 -0.152722 -0.986633 0.6493338 0.2847498 -0.7051831 0.6565035 -0.1572418 -0.7377521 0.133583 0.8853582 0.445305 0.3556702 0.9234861 0.143778 0.6726623 0.5889341 0.4479755 -0.6275636 -0.05598449 0.7765499 0.6060851 0.1679351 0.7774694 -0.6335675 0.3320394 0.6988148 -0.9472739 0.3173573 -0.04423201 -0.08229589 0.7414625 0.6659284 -0.812349 0.2739749 0.5148078 -0.1545035 0.9573569 0.2441239 0.05795693 0.7856458 0.6159559 -0.362094 0.703269 0.6118013 0.6437066 -0.684132 0.3429363 -0.6419867 -0.438709 0.6287984 -0.6771314 -0.6581159 0.3292059 -0.180061 0.9484264 0.2608935 0.6451709 -0.1926537 0.7393504 -0.811861 0.2412341 -0.5316839 -0.7859209 0.5758457 -0.2252336 -0.6657978 0.7403336 -0.09284126 -0.7725617 0.6339161 0.03604191 -0.4105224 0.4703313 0.7811914 -0.7350761 0.6070502 0.3019159 -0.6594288 -0.7516006 -0.015823 -0.8078235 -0.5107321 -0.2942347 -0.8006861 -0.5958152 0.06249958 -0.0201956 -0.6444292 -0.7643973 -0.4513924 -0.8515346 0.2667095 -0.63049 -0.5673626 0.5297001 -0.7537373 -0.07401156 0.6529949 -0.7695789 -0.4427245 0.4601559 -0.6509342 -0.2603946 0.7130774 -0.6464603 -0.6370407 0.4198432 -0.8014165 -0.2515131 -0.5426536 -0.6723296 -0.2323112 -0.7028545 0.7485027 -0.4111819 0.5202625 -0.7876165 -0.561921 0.2527948 -0.7877823 -0.313562 0.530168 0.8196462 0.09646725 -0.5646894 0.5319892 -0.6421983 -0.5518776 -0.654258 0.5973746 -0.4637782 -0.8256222 0.4832955 -0.2911589 -0.5852566 0.5493015 -0.5964416 0.6470509 0.6361304 -0.4203135 0.7767994 0.627131 -0.05735361 0.6475964 0.7607741 0.04291599 -0.66532 0.703578 0.2496544 0.7388215 0.6675536 0.09227651 -0.7600983 0.5911932 0.2697061 -0.779519 0.6246461 0.04655611 0.7977189 0.4942229 -0.3455262 -0.6469942 -0.6394723 -0.4152997 0.6930812 0.6726626 -0.2591596 -0.8082457 0.5209072 -0.2745807 -0.594964 0.7324039 -0.3310627 0.84897 -0.5283603 0.009246647 -0.6713861 0.6609769 -0.3351871 -0.9575862 -0.1887063 0.2177586 -0.1700735 0.04835754 0.9842442 -0.6837437 -0.4208362 -0.5961472 0.7899238 0.4631389 0.401899 -0.9863151 0.1595847 0.04141461 0.1201161 0.5826283 0.8038137 -0.5773503 0.5773503 0.5773503 0.8103221 -0.4444723 -0.3818672 -0.6588209 -0.7504053 0.05335772 0.7417351 -0.0908553 0.6645107 -0.7502021 -0.1876394 0.6340255 0.7040059 0.6363083 -0.3154162 -0.6512604 -0.3711174 0.6619153 -0.782006 -0.3948296 0.4822614 -0.3045254 0.952452 0.009987652 -0.5787344 0.5765786 -0.5767354 0.4781969 0.8380647 -0.2626321 0.7998571 0.598264 0.04804968 -0.001007318 0.9984164 -0.05624771 0.8556426 0.1852171 0.4832914 -0.7741278 0.4456998 -0.4495308 0.7286403 0.06098222 -0.6821764 0.261235 0.5821761 0.7699528 -0.5162899 -0.3328999 0.7890644 -0.2074109 0.3700674 -0.9055556 0.7378073 -0.5601189 0.3767058 -0.6018143 -0.5821279 -0.54676 -0.6569418 -0.3447018 -0.6705283 -0.6161049 0.7875464 -0.01361954 0.5369518 0.8436077 0.00300157 0.562825 0.8265416 -0.007554948 -0.5840649 0.7474387 0.3165496 -0.8199568 0.508341 0.2631738 0.6790225 0.6792654 0.2784367 0.376655 0.883415 0.2787635 -0.3936402 -0.8747384 -0.2826308 0.6751966 -0.4234215 0.6040065 -0.7223027 0.6885303 -0.0648446 -0.5506067 -0.2162765 -0.806261 -0.7223359 -0.2463642 0.6461699 -0.7216795 -0.548908 0.4217567 -0.7224382 -0.5985792 0.3461012 -0.7223473 0.6913452 -0.01601088 -0.7218468 -0.5600661 -0.4065259 -0.7219506 -0.6393365 0.2646439 -0.5505599 -0.1090863 0.8276376 -0.7220658 0.51314 0.4640133 -0.7215145 0.37383 0.5828105 -0.7237769 -0.6363697 -0.2667971 -0.7218487 -0.543049 0.4289898 -0.8181643 0.2131931 -0.5340001 0.5799603 0.5877192 -0.5641208 -0.5800451 0.5832612 -0.5686423 0.7603261 0.2933011 0.5795505 -0.5864104 0.06309044 0.8075534 0.5800057 0.5900357 0.5616506 -0.3614383 -0.4906101 0.7928833 0.6820325 0.3005044 0.6667299 -0.8070349 -0.1818063 0.5618195 -0.5822985 0.5741479 0.5755717 -0.5979673 0.8014568 0.01011478 -0.3929017 -0.8089908 -0.4372211 -0.5890682 -0.5529754 0.5892511 -0.4415347 -0.7483817 0.4949464 -0.7231647 -0.648263 0.2383021 -0.7248919 0.561918 -0.3984721 -0.6961995 0.1014814 -0.710639 -0.7217204 -0.52191 -0.4546753</float_array>
          <technique_common>
            <accessor source="#Pi_NightVision_Cam_Assembly_045-mesh-normals-array" count="158" stride="3">
              <param name="X" type="float" />
              <param name="Y" type="float" />
              <param name="Z" type="float" />
            </accessor>
          </technique_common>
        </source>
        <source id="Pi_NightVision_Cam_Assembly_045-mesh-map-0">
          <float_array id="Pi_NightVision_Cam_Assembly_045-mesh-map-0-array" count="1806">0 0 0 0 0 0 0 0 0 0 0 0 0 0 0 0 0 0 0 0 0 0 0 0 0 0 0 0 0 0 0 0 0 0 0 0 0 0 0 0 0 0 0 0 0 0 0 0 0 0 0 0 0 0 0 0 0 0 0 0 0 0 0 0 0 0 0 0 0 0 0 0 0 0 0 0 0 0 0 0 0 0 0 0 0 0 0 0 0 0 0 0 0 0 0 0 0 0 0 0 0 0 0 0 0 0 0 0 0 0 0 0 0 0 0 0 0 0 0 0 0 0 0 0 0 0 0 0 0 0 0 0 0 0 0 0 0 0 0 0 0 0 0 0 0 0 0 0 0 0 0 0 0 0 0 0 0 0 0 0 0 0 0 0 0 0 0 0 0 0 0 0 0 0 0 0 0 0 0 0 0 0 0 0 0 0 0 0 0 0 0 0 0 0 0 0 0 0 0 0 0 0 0 0 0 0 0 0 0 0 0 0 0 0 0 0 0 0 0 0 0 0 0 0 0 0 0 0 0 0 0 0 0 0 0 0 0 0 0 0 0 0 0 0 0 0 0 0 0 0 0 0 0 0 0 0 0 0 0 0 0 0 0 0 0 0 0 0 0 0 0 0 0 0 0 0 0 0 0 0 0 0 0 0 0 0 0 0 0 0 0 0 0 0 0 0 0 0 0 0 0 0 0 0 0 0 0 0 0 0 0 0 0 0 0 0 0 0 0 0 0 0 0 0 0 0 0 0 0 0 0 0 0 0 0 0 0 0 0 0 0 0 0 0 0 0 0 0 0 0 0 0 0 0 0 0 0 0 0 0 0 0 0 0 0 0 0 0 0 0 0 0 0 0 0 0 0 0 0 0 0 0 0 0 0 0 0 0 0 0 0 0 0 0 0 0 0 0 0 0 0 0 0 0 0 0 0 0 0 0 0 0 0 0 0 0 0 0 0 0 0 0 0 0 0 0 0 0 0 0 0 0 0 0 0 0 0 0 0 0 0 0 0 0 0 0 0 0 0 0 0 0 0 0 0 0 0 0 0 0 0 0 0 0 0 0 0 0 0 0 0 0 0 0 0 0 0 0 0 0 0 0 0 0 0 0 0 0 0 0 0 0 0 0 0 0 0 0 0 0 0 0 0 0 0 0 0 0 0 0 0 0 0 0 0 0 0 0 0 0 0 0 0 0 0 0 0 0 0 0 0 0 0 0 0 0 0 0 0 0 0 0 0 0 0 0 0 0 0 0 0 0 0 0 0 0 0 0 0 0 0 0 0 0 0 0 0 0 0 0 0 0 0 0 0 0 0 0 0 0 0 0 0 0 0 0 0 0 0 0 0 0 0 0 0 0 0 0 0 0 0 0 0 0 0 0 0 0 0 0 0 0 0 0 0 0 0 0 0 0 0 0 0 0 0 0 0 0 0 0 0 0 0 0 0 0 0 0 0 0 0 0 0 0 0 0 0 0 0 0 0 0 0 0 0 0 0 0 0 0 0 0 0 0 0 0 0 0 0 0 0 0 0 0 0 0 0 0 0 0 0 0 0 0 0 0 0 0 0 0 0 0 0 0 0 0 0 0 0 0 0 0 0 0 0 0 0 0 0 0 0 0 0 0 0 0 0 0 0 0 0 0 0 0 0 0 0 0 0 0 0 0 0 0 0 0 0 0 0 0 0 0 0 0 0 0 0 0 0 0 0 0 0 0 0 0 0 0 0 0 0 0 0 0 0 0 0 0 0 0 0 0 0 0 0 0 0 0 0 0 0 0 0 0 0 0 0 0 0 0 0 0 0 0 0 0 0 0 0 0 0 0 0 0 0 0 0 0 0 0 0 0 0 0 0 0 0 0 0 0 0 0 0 0 0 0 0 0 0 0 0 0 0 0 0 0 0 0 0 0 0 0 0 0 0 0 0 0 0 0 0 0 0 0 0 0 0 0 0 0 0 0 0 0 0 0 0 0 0 0 0 0 0 0 0 0 0 0 0 0 0 0 0 0 0 0 0 0 0 0 0 0 0 0 0 0 0 0 0 0 0 0 0 0 0 0 0 0 0 0 0 0 0 0 0 0 0 0 0 0 0 0 0 0 0 0 0 0 0 0 0 0 0 0 0 0 0 0 0 0 0 0 0 0 0 0 0 0 0 0 0 0 0 0 0 0 0 0 0 0 0 0 0 0 0 0 0 0 0 0 0 0 0 0 0 0 0 0 0 0 0 0 0 0 0 0 0 0 0 0 0 0 0 0 0 0 0 0 0 0 0 0 0 0 0 0 0 0 0 0 0 0 0 0 0 0 0 0 0 0 0 0 0 0 0 0 0 0 0 0 0 0 0 0 0 0 0 0 0 0 0 0 0 0 0 0 0 0 0 0 0 0 0 0 0 0 0 0 0 0 0 0 0 0 0 0 0 0 0 0 0 0 0 0 0 0 0 0 0 0 0 0 0 0 0 0 0 0 0 0 0 0 0 0 0 0 0 0 0 0 0 0 0 0 0 0 0 0 0 0 0 0 0 0 0 0 0 0 0 0 0 0 0 0 0 0 0 0 0 0 0 0 0 0 0 0 0 0 0 0 0 0 0 0 0 0 0 0 0 0 0 0 0 0 0 0 0 0 0 0 0 0 0 0 0 0 0 0 0 0 0 0 0 0 0 0 0 0 0 0 0 0 0 0 0 0 0 0 0 0 0 0 0 0 0 0 0 0 0 0 0 0 0 0 0 0 0 0 0 0 0 0 0 0 0 0 0 0 0 0 0 0 0 0 0 0 0 0 0 0 0 0 0 0 0 0 0 0 0 0 0 0 0 0 0 0 0 0 0 0 0 0 0 0 0 0 0 0 0 0 0 0 0 0 0 0 0 0 0 0 0 0 0 0 0 0 0 0 0 0 0 0 0 0 0 0 0 0 0 0 0 0 0 0 0 0 0 0 0 0 0 0 0 0 0 0 0 0 0 0 0 0 0 0 0 0 0 0 0 0 0 0 0 0 0 0 0 0 0 0 0 0 0 0 0 0 0 0 0 0 0 0 0 0 0 0 0 0 0 0 0 0 0 0 0 0 0 0 0 0 0 0 0 0 0 0 0 0 0 0 0 0 0 0 0 0 0 0 0 0 0 0 0 0 0 0 0 0 0 0 0 0 0 0 0 0 0 0 0 0 0 0 0 0 0 0 0 0 0 0 0 0 0 0 0 0 0 0 0 0 0 0 0 0 0 0 0 0 0 0 0 0 0 0 0 0 0 0 0 0 0 0 0 0 0 0 0 0 0 0 0 0 0 0 0 0 0 0 0 0 0 0 0 0 0 0 0 0 0 0 0 0 0 0 0 0 0 0 0 0 0 0 0 0 0 0 0 0 0 0 0 0 0 0 0 0 0 0 0 0 0 0 0 0 0 0 0 0 0 0 0 0 0 0 0 0 0 0 0 0 0 0 0 0 0 0 0 0 0 0 0 0 0 0 0 0 0 0 0 0 0 0 0 0 0 0 0 0 0 0 0 0 0 0 0 0 0 0 0 0 0 0 0 0 0 0 0 0 0 0 0 0 0 0 0 0 0 0 0 0 0 0 0 0 0 0 0 0 0 0 0 0 0 0 0 0 0 0 0 0 0 0 0 0 0 0 0 0 0 0 0 0 0 0 0 0 0 0 0 0 0 0 0 0 0 0 0 0 0 0 0 0 0 0 0 0 0 0 0 0 0 0 0 0 0 0 0 0 0 0 0 0 0 0 0 0 0 0 0 0 0 0 0 0 0 0 0 0 0 0 0 0 0 0 0 0 0 0 0 0 0 0 0 0 0 0 0 0 0 0 0 0 0 0 0 0 0 0 0 0 0 0 0 0 0 0 0 0 0 0 0 0 0 0 0 0 0 0 0 0 0 0 0 0 0 0 0 0 0 0 0 0 0 0 0 0 0 0 0 0 0 0 0 0 0 0 0 0 0 0 0 0 0 0 0 0 0 0 0 0 0 0 0 0 0 0 0 0 0 0 0 0 0 0 0 0 0 0 0 0 0 0 0 0 0 0 0 0 0 0 0 0 0 0 0 0 0 0 0 0 0 0 0 0 0 0</float_array>
          <technique_common>
            <accessor source="#Pi_NightVision_Cam_Assembly_045-mesh-map-0-array" count="903" stride="2">
              <param name="S" type="float" />
              <param name="T" type="float" />
            </accessor>
          </technique_common>
        </source>
        <vertices id="Pi_NightVision_Cam_Assembly_045-mesh-vertices">
          <input semantic="POSITION" source="#Pi_NightVision_Cam_Assembly_045-mesh-positions" />
        </vertices>
        <lines count="1">
          <input semantic="VERTEX" source="#Pi_NightVision_Cam_Assembly_045-mesh-vertices" offset="0" />
          <p>45 47</p>
        </lines>
        <triangles material="camera_bracket_material-material" count="301">
          <input semantic="VERTEX" source="#Pi_NightVision_Cam_Assembly_045-mesh-vertices" offset="0" />
          <input semantic="NORMAL" source="#Pi_NightVision_Cam_Assembly_045-mesh-normals" offset="1" />
          <input semantic="TEXCOORD" source="#Pi_NightVision_Cam_Assembly_045-mesh-map-0" offset="2" set="0" />
          <p>152 0 0 25 1 1 22 2 2 50 3 3 94 4 4 53 5 5 6 6 6 90 7 7 91 8 8 38 9 9 48 10 10 147 11 11 5 12 12 7 13 13 87 14 14 74 15 15 80 16 16 78 17 17 149 18 18 55 19 19 96 20 20 33 21 21 14 22 22 24 23 23 43 24 24 41 25 25 44 26 26 77 27 27 86 28 28 85 29 29 1 30 30 9 31 31 4 32 32 40 33 33 99 34 34 39 35 35 56 36 36 103 37 37 104 38 38 149 18 39 54 39 40 55 19 41 80 16 42 79 40 43 89 41 44 106 42 45 98 43 46 96 20 47 101 44 48 96 20 49 55 19 50 62 45 51 60 46 52 65 47 53 41 25 54 43 24 55 100 48 56 56 36 57 57 49 58 103 37 59 53 5 60 95 50 61 54 39 62 60 46 63 57 49 64 56 36 65 71 51 66 73 52 67 75 53 68 37 54 69 152 0 70 36 55 71 26 56 72 42 57 73 21 58 74 68 59 75 62 45 76 65 47 77 122 60 78 108 61 79 107 62 80 19 63 81 17 64 82 20 65 83 50 3 84 52 66 85 150 67 86 18 68 87 27 69 88 16 70 89 13 71 90 14 22 91 15 72 92 94 4 93 50 3 94 70 73 95 23 74 96 93 75 97 22 2 98 44 26 99 96 20 100 98 43 101 30 76 102 34 77 103 28 78 104 75 53 105 73 52 106 81 79 107 76 80 108 82 81 109 83 82 110 30 76 111 13 71 112 31 83 113 46 84 114 52 66 115 42 57 116 125 85 117 126 86 118 145 87 119 35 88 120 147 11 121 27 69 122 28 78 123 40 33 124 39 35 125 72 89 126 78 17 127 67 90 128 90 7 129 6 6 130 88 91 131 90 7 132 89 41 133 79 40 134 52 66 135 46 84 136 45 92 137 84 93 138 87 14 139 82 81 140 90 7 141 0 94 142 89 41 143 33 21 144 132 95 145 131 96 146 64 97 147 69 98 148 77 27 149 16 70 150 8 99 151 18 68 152 6 6 153 92 100 154 88 91 155 83 82 156 63 101 157 76 80 158 86 28 159 77 27 160 69 98 161 55 19 162 59 102 163 61 103 164 127 104 165 123 105 166 110 106 167 67 90 168 94 4 169 72 89 170 126 86 171 125 85 172 130 107 173 146 108 174 104 38 175 103 37 176 101 44 177 146 108 178 102 109 179 51 110 180 49 111 181 63 101 182 36 55 183 40 33 184 151 112 185 34 77 186 151 112 187 28 78 188 11 113 189 12 114 190 13 71 191 64 97 192 76 80 193 63 101 194 28 78 195 35 88 196 29 115 197 38 9 198 49 111 199 48 10 200 5 12 201 8 99 202 7 13 203 74 15 204 79 40 205 80 16 206 33 21 207 32 116 208 14 22 209 4 32 210 3 117 211 0 94 212 99 34 213 40 33 214 36 55 215 20 65 216 26 56 217 21 58 218 79 40 219 75 53 220 81 79 221 1 30 222 13 71 223 9 31 224 85 29 225 86 28 226 3 117 227 0 94 228 2 118 229 1 30 230 2 118 231 10 119 232 1 30 233 90 7 234 79 40 235 91 8 236 97 120 237 96 20 238 44 26 239 136 121 240 129 122 241 135 123 242 106 42 243 107 124 244 98 43 245 129 122 246 126 86 247 130 107 248 66 125 249 61 103 250 67 90 251 61 103 252 59 102 253 67 90 254 62 45 255 58 126 256 60 46 257 69 98 258 64 97 259 66 125 260 53 5 261 94 4 262 95 50 263 60 46 264 58 126 265 57 49 266 67 90 267 69 98 268 66 125 269 37 54 270 25 1 271 152 0 272 44 26 273 98 43 274 43 24 275 26 56 276 46 84 277 42 57 278 35 88 279 38 9 280 147 11 281 120 127 282 119 128 283 117 129 284 143 130 285 141 131 286 144 132 287 142 133 288 143 130 289 144 132 290 139 134 291 140 135 292 137 136 293 139 134 294 137 136 295 138 137 296 114 138 297 116 139 298 115 140 299 13 71 300 1 30 301 10 119 302 29 115 303 35 88 304 27 69 305 11 113 306 93 75 307 12 114 308 48 10 309 51 110 310 50 3 311 0 94 312 88 91 313 11 113 314 84 93 315 5 12 316 87 14 317 19 63 318 92 100 319 17 64 320 134 141 321 14 22 322 133 142 323 18 68 324 29 115 325 27 69 326 71 51 327 74 15 328 72 89 329 21 58 330 42 57 331 152 0 332 13 71 333 12 114 334 14 22 335 21 58 336 19 63 337 20 65 338 101 44 339 105 143 340 96 20 341 97 120 342 149 18 343 96 20 344 30 76 345 31 83 346 34 77 347 107 62 348 108 61 349 128 144 350 100 48 351 43 24 352 107 124 353 43 24 354 98 43 355 107 124 356 50 3 357 53 5 358 52 66 359 81 79 360 91 8 361 79 40 362 102 109 363 99 34 364 101 44 365 99 34 366 105 143 367 101 44 368 70 73 369 73 52 370 71 51 371 22 2 372 25 1 373 23 74 374 76 80 375 84 93 376 82 81 377 30 76 378 9 31 379 13 71 380 99 34 381 102 109 382 39 35 383 28 78 384 151 112 385 40 33 386 72 89 387 74 15 388 78 17 389 4 32 390 85 29 391 3 117 392 71 51 393 94 4 394 70 73 395 45 92 396 150 67 397 52 66 398 130 107 399 135 123 400 129 122 401 90 7 402 88 91 403 0 94 404 133 142 405 131 96 406 132 95 407 33 21 408 24 23 409 132 95 410 25 1 411 128 144 412 127 104 413 16 70 414 7 13 415 8 99 416 93 75 417 23 74 418 12 114 419 133 142 420 32 116 421 33 21 422 131 96 423 133 142 424 33 21 425 125 85 426 145 87 427 110 106 428 6 6 429 17 64 430 92 100 431 83 82 432 51 110 433 63 101 434 109 145 435 106 146 436 112 147 437 96 20 438 105 143 439 106 42 440 105 143 441 99 34 442 106 42 443 20 65 444 17 64 445 16 70 446 16 70 447 17 64 448 7 13 449 55 19 450 54 39 451 59 102 452 80 16 453 86 28 454 78 17 455 67 90 456 59 102 457 95 50 458 59 102 459 54 39 460 95 50 461 4 32 462 0 94 463 1 30 464 127 104 465 142 148 466 123 105 467 67 90 468 95 50 469 94 4 470 55 19 471 61 103 472 60 46 473 111 149 474 122 60 475 107 62 476 68 59 477 66 125 478 64 97 479 149 18 480 97 120 481 148 150 482 148 150 483 54 39 484 149 18 485 51 110 486 48 10 487 49 111 488 106 146 489 107 62 490 128 144 491 143 151 492 127 104 493 120 152 494 37 54 495 36 55 496 151 112 497 146 108 498 103 37 499 102 109 500 103 37 501 57 49 502 49 111 503 102 109 504 103 37 505 49 111 506 57 49 507 58 126 508 63 101 509 58 126 510 62 45 511 63 101 512 62 45 513 68 59 514 64 97 515 64 97 516 77 27 517 76 80 518 77 27 519 85 29 520 84 93 521 76 80 522 77 27 523 84 93 524 85 29 525 4 32 526 5 12 527 4 32 528 9 31 529 8 99 530 5 12 531 4 32 532 8 99 533 62 45 534 64 97 535 63 101 536 63 101 537 49 111 538 57 49 539 85 29 540 5 12 541 84 93 542 30 76 543 28 78 544 29 115 545 28 78 546 39 35 547 38 9 548 35 88 549 28 78 550 38 9 551 39 35 552 102 109 553 38 9 554 102 109 555 49 111 556 38 9 557 8 99 558 9 31 559 18 68 560 9 31 561 30 76 562 18 68 563 29 115 564 18 68 565 30 76 566 36 55 567 41 25 568 100 48 569 100 48 570 99 34 571 36 55 572 53 5 573 54 39 574 44 26 575 54 39 576 148 150 577 44 26 578 148 150 579 97 120 580 44 26 581 144 132 582 141 131 583 138 137 584 141 131 585 139 134 586 138 137 587 121 153 588 122 60 589 113 154 590 122 60 591 111 149 592 113 154 593 123 105 594 142 148 595 124 155 596 123 105 597 124 155 598 111 149 599 124 155 600 113 154 601 111 149 602 115 140 603 121 153 604 114 138 605 114 138 606 121 153 607 113 154 608 120 152 609 117 156 610 118 157 611 117 156 612 115 140 613 116 139 614 118 157 615 117 156 616 116 139 617 87 14 618 7 13 619 6 6 620 7 13 621 17 64 622 6 6 623 6 6 624 91 8 625 87 14 626 91 8 627 81 79 628 82 81 629 81 79 630 73 52 631 83 82 632 82 81 633 81 79 634 83 82 635 73 52 636 70 73 637 51 110 638 70 73 639 50 3 640 51 110 641 50 3 642 150 67 643 48 10 644 150 67 645 45 92 646 48 10 647 45 92 648 46 84 649 48 10 650 46 84 651 26 56 652 147 11 653 20 65 654 16 70 655 27 69 656 20 65 657 27 69 658 26 56 659 27 69 660 147 11 661 26 56 662 82 81 663 87 14 664 91 8 665 46 84 666 147 11 667 48 10 668 51 110 669 83 82 670 73 52 671 11 113 672 13 71 673 2 118 674 13 71 675 10 119 676 2 118 677 2 118 678 0 94 679 11 113 680 15 72 681 14 22 682 134 141 683 14 22 684 32 116 685 133 142 686 75 53 687 79 40 688 74 15 689 72 89 690 94 4 691 71 51 692 71 51 693 75 53 694 74 15 695 36 55 696 152 0 697 42 57 698 152 0 699 22 2 700 21 58 701 11 113 702 88 91 703 92 100 704 11 113 705 92 100 706 93 75 707 92 100 708 19 63 709 93 75 710 44 26 711 41 25 712 52 66 713 41 25 714 36 55 715 42 57 716 52 66 717 53 5 718 44 26 719 42 57 720 52 66 721 41 25 722 93 75 723 19 63 724 22 2 725 19 63 726 21 58 727 22 2 728 132 95 729 136 121 730 135 123 731 135 123 732 134 141 733 132 95 734 134 141 735 133 142 736 132 95 737 129 122 738 136 121 739 24 23 740 136 121 741 132 95 742 24 23 743 24 23 744 14 22 745 23 74 746 14 22 747 12 114 748 23 74 749 110 106 750 145 87 751 127 104 752 145 87 753 126 86 754 127 104 755 126 86 756 129 122 757 25 1 758 129 122 759 24 23 760 25 1 761 25 1 762 37 54 763 128 144 764 24 23 765 23 74 766 25 1 767 127 104 768 126 86 769 25 1 770 123 105 771 111 149 772 110 106 773 111 149 774 109 145 775 110 106 776 109 145 777 125 85 778 110 106 779 31 83 780 13 71 781 15 72 782 15 72 783 134 141 784 135 123 785 130 107 786 125 85 787 34 77 788 125 85 789 109 145 790 112 147 791 15 72 792 135 123 793 31 83 794 135 123 795 130 107 796 31 83 797 34 77 798 31 83 799 130 107 800 112 147 801 151 112 802 125 85 803 151 112 804 34 77 805 125 85 806 89 41 807 0 94 808 3 117 809 69 98 810 67 90 811 78 17 812 80 16 813 89 41 814 3 117 815 86 28 816 69 98 817 78 17 818 80 16 819 3 117 820 86 28 821 61 103 822 66 125 823 65 47 824 66 125 825 68 59 826 65 47 827 65 47 828 60 46 829 61 103 830 60 46 831 56 36 832 55 19 833 56 36 834 104 38 835 55 19 836 104 38 837 146 108 838 101 44 839 104 38 840 101 44 841 55 19 842 106 146 843 109 145 844 107 62 845 109 145 846 111 149 847 107 62 848 143 151 849 124 155 850 142 148 851 106 42 852 99 34 853 107 124 854 99 34 855 100 48 856 107 124 857 151 112 858 112 147 859 106 146 860 37 54 861 151 112 862 128 144 863 151 112 864 106 146 865 128 144 866 120 152 867 118 157 868 116 139 869 116 139 870 114 138 871 120 152 872 114 138 873 113 154 874 120 152 875 113 154 876 124 155 877 120 152 878 124 155 879 143 151 880 120 152 881 143 151 882 142 148 883 127 104 884 127 104 885 128 144 886 117 156 887 128 144 888 108 61 889 117 156 890 108 61 891 122 60 892 121 153 893 121 153 894 115 140 895 108 61 896 115 140 897 117 156 898 108 61 899 117 156 900 120 152 901 127 104 902</p>
        </triangles>
      </mesh>
    </geometry>
    </library_geometries>
  <library_visual_scenes>
    <visual_scene id="Scene" name="Scene">
      <node id="Pi_NightVision_Cam_Assembly_047" name="Pi_NightVision_Cam_Assembly.047" type="NODE">
        <matrix sid="transform">1 0 0 0 0 1 0 0 0 0 1 0 0 0 0 1</matrix>
        <instance_geometry url="#Pi_NightVision_Cam_Assembly_048-mesh" name="Pi_NightVision_Cam_Assembly.047">
          <bind_material>
            <technique_common>
              <instance_material symbol="FR4-material" target="#FR4-material">
                <bind_vertex_input semantic="UVMap" input_semantic="TEXCOORD" input_set="0" />
              </instance_material>
              <instance_material symbol="Copper_-_Polished-material" target="#Copper_-_Polished-material">
                <bind_vertex_input semantic="UVMap" input_semantic="TEXCOORD" input_set="0" />
              </instance_material>
              <instance_material symbol="ABS__Black_-material" target="#ABS__Black_-material">
                <bind_vertex_input semantic="UVMap" input_semantic="TEXCOORD" input_set="0" />
              </instance_material>
              <instance_material symbol="ABS__White_-material" target="#ABS__White_-material">
                <bind_vertex_input semantic="UVMap" input_semantic="TEXCOORD" input_set="0" />
              </instance_material>
              <instance_material symbol="Aluminum_-_Anodized_Rough__Brown_-material" target="#Aluminum_-_Anodized_Rough__Brown_-material">
                <bind_vertex_input semantic="UVMap" input_semantic="TEXCOORD" input_set="0" />
              </instance_material>
              <instance_material symbol="Aluminum_-_Anodized_Rough__Yellow_-material" target="#Aluminum_-_Anodized_Rough__Yellow_-material">
                <bind_vertex_input semantic="UVMap" input_semantic="TEXCOORD" input_set="0" />
              </instance_material>
              <instance_material symbol="Glass__Clear_-material" target="#Glass__Clear_-material">
                <bind_vertex_input semantic="UVMap" input_semantic="TEXCOORD" input_set="0" />
              </instance_material>
              <instance_material symbol="Glass_-_Heavy_Color-material" target="#Glass_-_Heavy_Color-material">
                <bind_vertex_input semantic="UVMap" input_semantic="TEXCOORD" input_set="0" />
              </instance_material>
              <instance_material symbol="Aluminum_-_Anodized_Rough__Black_-material" target="#Aluminum_-_Anodized_Rough__Black_-material">
                <bind_vertex_input semantic="UVMap" input_semantic="TEXCOORD" input_set="0" />
              </instance_material>
              <instance_material symbol="Copper_-_Raw-material" target="#Copper_-_Raw-material">
                <bind_vertex_input semantic="UVMap" input_semantic="TEXCOORD" input_set="0" />
              </instance_material>
              <instance_material symbol="ABS__Black_1_-material" target="#ABS__Black_1_-material">
                <bind_vertex_input semantic="UVMap" input_semantic="TEXCOORD" input_set="0" />
              </instance_material>
              <instance_material symbol="Rubber_-_Soft-material" target="#Rubber_-_Soft-material">
                <bind_vertex_input semantic="UVMap" input_semantic="TEXCOORD" input_set="0" />
              </instance_material>
              <instance_material symbol="ABS__Orange_-material" target="#ABS__Orange_-material">
                <bind_vertex_input semantic="UVMap" input_semantic="TEXCOORD" input_set="0" />
              </instance_material>
              <instance_material symbol="Aluminum_-_Anodized_Glossy__Grey_-material" target="#Aluminum_-_Anodized_Glossy__Grey_-material">
                <bind_vertex_input semantic="UVMap" input_semantic="TEXCOORD" input_set="0" />
              </instance_material>
              <instance_material symbol="ABS__BR_-material" target="#ABS__BR_-material">
                <bind_vertex_input semantic="UVMap" input_semantic="TEXCOORD" input_set="0" />
              </instance_material>
              <instance_material symbol="Aluminum_-_Satin-material" target="#Aluminum_-_Satin-material">
                <bind_vertex_input semantic="UVMap" input_semantic="TEXCOORD" input_set="0" />
              </instance_material>
              <instance_material symbol="Glass_-_Frosted-material" target="#Glass_-_Frosted-material">
                <bind_vertex_input semantic="UVMap" input_semantic="TEXCOORD" input_set="0" />
              </instance_material>
              <instance_material symbol="camera_bracket_material-material" target="#camera_bracket_material-material">
                <bind_vertex_input semantic="UVMap" input_semantic="TEXCOORD" input_set="0" />
              </instance_material>
            </technique_common>
          </bind_material>
        </instance_geometry>
      </node>
      <node id="Pi_NightVision_Cam_Assembly_046" name="Pi_NightVision_Cam_Assembly.046" type="NODE">
        <matrix sid="transform">1 0 0 0 0 1 0 0 0 0 1 0 0 0 0 1</matrix>
        <instance_geometry url="#Pi_NightVision_Cam_Assembly_047-mesh" name="Pi_NightVision_Cam_Assembly.046">
          <bind_material>
            <technique_common>
              <instance_material symbol="FR4-material" target="#FR4-material">
                <bind_vertex_input semantic="UVMap" input_semantic="TEXCOORD" input_set="0" />
              </instance_material>
              <instance_material symbol="Copper_-_Polished-material" target="#Copper_-_Polished-material">
                <bind_vertex_input semantic="UVMap" input_semantic="TEXCOORD" input_set="0" />
              </instance_material>
              <instance_material symbol="ABS__Black_-material" target="#ABS__Black_-material">
                <bind_vertex_input semantic="UVMap" input_semantic="TEXCOORD" input_set="0" />
              </instance_material>
              <instance_material symbol="ABS__White_-material" target="#ABS__White_-material">
                <bind_vertex_input semantic="UVMap" input_semantic="TEXCOORD" input_set="0" />
              </instance_material>
              <instance_material symbol="Aluminum_-_Anodized_Rough__Brown_-material" target="#Aluminum_-_Anodized_Rough__Brown_-material">
                <bind_vertex_input semantic="UVMap" input_semantic="TEXCOORD" input_set="0" />
              </instance_material>
              <instance_material symbol="Aluminum_-_Anodized_Rough__Yellow_-material" target="#Aluminum_-_Anodized_Rough__Yellow_-material">
                <bind_vertex_input semantic="UVMap" input_semantic="TEXCOORD" input_set="0" />
              </instance_material>
              <instance_material symbol="Glass__Clear_-material" target="#Glass__Clear_-material">
                <bind_vertex_input semantic="UVMap" input_semantic="TEXCOORD" input_set="0" />
              </instance_material>
              <instance_material symbol="Glass_-_Heavy_Color-material" target="#Glass_-_Heavy_Color-material">
                <bind_vertex_input semantic="UVMap" input_semantic="TEXCOORD" input_set="0" />
              </instance_material>
              <instance_material symbol="Aluminum_-_Anodized_Rough__Black_-material" target="#Aluminum_-_Anodized_Rough__Black_-material">
                <bind_vertex_input semantic="UVMap" input_semantic="TEXCOORD" input_set="0" />
              </instance_material>
              <instance_material symbol="Copper_-_Raw-material" target="#Copper_-_Raw-material">
                <bind_vertex_input semantic="UVMap" input_semantic="TEXCOORD" input_set="0" />
              </instance_material>
              <instance_material symbol="ABS__Black_1_-material" target="#ABS__Black_1_-material">
                <bind_vertex_input semantic="UVMap" input_semantic="TEXCOORD" input_set="0" />
              </instance_material>
              <instance_material symbol="Rubber_-_Soft-material" target="#Rubber_-_Soft-material">
                <bind_vertex_input semantic="UVMap" input_semantic="TEXCOORD" input_set="0" />
              </instance_material>
              <instance_material symbol="ABS__Orange_-material" target="#ABS__Orange_-material">
                <bind_vertex_input semantic="UVMap" input_semantic="TEXCOORD" input_set="0" />
              </instance_material>
              <instance_material symbol="Aluminum_-_Anodized_Glossy__Grey_-material" target="#Aluminum_-_Anodized_Glossy__Grey_-material">
                <bind_vertex_input semantic="UVMap" input_semantic="TEXCOORD" input_set="0" />
              </instance_material>
              <instance_material symbol="ABS__BR_-material" target="#ABS__BR_-material">
                <bind_vertex_input semantic="UVMap" input_semantic="TEXCOORD" input_set="0" />
              </instance_material>
              <instance_material symbol="Aluminum_-_Satin-material" target="#Aluminum_-_Satin-material">
                <bind_vertex_input semantic="UVMap" input_semantic="TEXCOORD" input_set="0" />
              </instance_material>
              <instance_material symbol="Glass_-_Frosted-material" target="#Glass_-_Frosted-material">
                <bind_vertex_input semantic="UVMap" input_semantic="TEXCOORD" input_set="0" />
              </instance_material>
              <instance_material symbol="camera_bracket_material-material" target="#camera_bracket_material-material">
                <bind_vertex_input semantic="UVMap" input_semantic="TEXCOORD" input_set="0" />
              </instance_material>
            </technique_common>
          </bind_material>
        </instance_geometry>
      </node>
      <node id="Pi_NightVision_Cam_Assembly_045" name="Pi_NightVision_Cam_Assembly.045" type="NODE">
        <matrix sid="transform">1 0 0 0 0 1 0 0 0 0 1 0 0 0 0 1</matrix>
        <instance_geometry url="#Pi_NightVision_Cam_Assembly_046-mesh" name="Pi_NightVision_Cam_Assembly.045">
          <bind_material>
            <technique_common>
              <instance_material symbol="FR4-material" target="#FR4-material">
                <bind_vertex_input semantic="UVMap" input_semantic="TEXCOORD" input_set="0" />
              </instance_material>
              <instance_material symbol="Copper_-_Polished-material" target="#Copper_-_Polished-material">
                <bind_vertex_input semantic="UVMap" input_semantic="TEXCOORD" input_set="0" />
              </instance_material>
              <instance_material symbol="ABS__Black_-material" target="#ABS__Black_-material">
                <bind_vertex_input semantic="UVMap" input_semantic="TEXCOORD" input_set="0" />
              </instance_material>
              <instance_material symbol="ABS__White_-material" target="#ABS__White_-material">
                <bind_vertex_input semantic="UVMap" input_semantic="TEXCOORD" input_set="0" />
              </instance_material>
              <instance_material symbol="Aluminum_-_Anodized_Rough__Brown_-material" target="#Aluminum_-_Anodized_Rough__Brown_-material">
                <bind_vertex_input semantic="UVMap" input_semantic="TEXCOORD" input_set="0" />
              </instance_material>
              <instance_material symbol="Aluminum_-_Anodized_Rough__Yellow_-material" target="#Aluminum_-_Anodized_Rough__Yellow_-material">
                <bind_vertex_input semantic="UVMap" input_semantic="TEXCOORD" input_set="0" />
              </instance_material>
              <instance_material symbol="Glass__Clear_-material" target="#Glass__Clear_-material">
                <bind_vertex_input semantic="UVMap" input_semantic="TEXCOORD" input_set="0" />
              </instance_material>
              <instance_material symbol="Glass_-_Heavy_Color-material" target="#Glass_-_Heavy_Color-material">
                <bind_vertex_input semantic="UVMap" input_semantic="TEXCOORD" input_set="0" />
              </instance_material>
              <instance_material symbol="Aluminum_-_Anodized_Rough__Black_-material" target="#Aluminum_-_Anodized_Rough__Black_-material">
                <bind_vertex_input semantic="UVMap" input_semantic="TEXCOORD" input_set="0" />
              </instance_material>
              <instance_material symbol="Copper_-_Raw-material" target="#Copper_-_Raw-material">
                <bind_vertex_input semantic="UVMap" input_semantic="TEXCOORD" input_set="0" />
              </instance_material>
              <instance_material symbol="ABS__Black_1_-material" target="#ABS__Black_1_-material">
                <bind_vertex_input semantic="UVMap" input_semantic="TEXCOORD" input_set="0" />
              </instance_material>
              <instance_material symbol="Rubber_-_Soft-material" target="#Rubber_-_Soft-material">
                <bind_vertex_input semantic="UVMap" input_semantic="TEXCOORD" input_set="0" />
              </instance_material>
              <instance_material symbol="ABS__Orange_-material" target="#ABS__Orange_-material">
                <bind_vertex_input semantic="UVMap" input_semantic="TEXCOORD" input_set="0" />
              </instance_material>
              <instance_material symbol="Aluminum_-_Anodized_Glossy__Grey_-material" target="#Aluminum_-_Anodized_Glossy__Grey_-material">
                <bind_vertex_input semantic="UVMap" input_semantic="TEXCOORD" input_set="0" />
              </instance_material>
              <instance_material symbol="ABS__BR_-material" target="#ABS__BR_-material">
                <bind_vertex_input semantic="UVMap" input_semantic="TEXCOORD" input_set="0" />
              </instance_material>
              <instance_material symbol="Aluminum_-_Satin-material" target="#Aluminum_-_Satin-material">
                <bind_vertex_input semantic="UVMap" input_semantic="TEXCOORD" input_set="0" />
              </instance_material>
              <instance_material symbol="Glass_-_Frosted-material" target="#Glass_-_Frosted-material">
                <bind_vertex_input semantic="UVMap" input_semantic="TEXCOORD" input_set="0" />
              </instance_material>
              <instance_material symbol="camera_bracket_material-material" target="#camera_bracket_material-material">
                <bind_vertex_input semantic="UVMap" input_semantic="TEXCOORD" input_set="0" />
              </instance_material>
            </technique_common>
          </bind_material>
        </instance_geometry>
      </node>
      <node id="Pi_NightVision_Cam_Assembly_044" name="Pi_NightVision_Cam_Assembly.044" type="NODE">
        <matrix sid="transform">1 0 0 0 0 1 0 0 0 0 1 0 0 0 0 1</matrix>
        <instance_geometry url="#Pi_NightVision_Cam_Assembly_045-mesh" name="Pi_NightVision_Cam_Assembly.044">
          <bind_material>
            <technique_common>
              <instance_material symbol="FR4-material" target="#FR4-material">
                <bind_vertex_input semantic="UVMap" input_semantic="TEXCOORD" input_set="0" />
              </instance_material>
              <instance_material symbol="Copper_-_Polished-material" target="#Copper_-_Polished-material">
                <bind_vertex_input semantic="UVMap" input_semantic="TEXCOORD" input_set="0" />
              </instance_material>
              <instance_material symbol="ABS__Black_-material" target="#ABS__Black_-material">
                <bind_vertex_input semantic="UVMap" input_semantic="TEXCOORD" input_set="0" />
              </instance_material>
              <instance_material symbol="ABS__White_-material" target="#ABS__White_-material">
                <bind_vertex_input semantic="UVMap" input_semantic="TEXCOORD" input_set="0" />
              </instance_material>
              <instance_material symbol="Aluminum_-_Anodized_Rough__Brown_-material" target="#Aluminum_-_Anodized_Rough__Brown_-material">
                <bind_vertex_input semantic="UVMap" input_semantic="TEXCOORD" input_set="0" />
              </instance_material>
              <instance_material symbol="Aluminum_-_Anodized_Rough__Yellow_-material" target="#Aluminum_-_Anodized_Rough__Yellow_-material">
                <bind_vertex_input semantic="UVMap" input_semantic="TEXCOORD" input_set="0" />
              </instance_material>
              <instance_material symbol="Glass__Clear_-material" target="#Glass__Clear_-material">
                <bind_vertex_input semantic="UVMap" input_semantic="TEXCOORD" input_set="0" />
              </instance_material>
              <instance_material symbol="Glass_-_Heavy_Color-material" target="#Glass_-_Heavy_Color-material">
                <bind_vertex_input semantic="UVMap" input_semantic="TEXCOORD" input_set="0" />
              </instance_material>
              <instance_material symbol="Aluminum_-_Anodized_Rough__Black_-material" target="#Aluminum_-_Anodized_Rough__Black_-material">
                <bind_vertex_input semantic="UVMap" input_semantic="TEXCOORD" input_set="0" />
              </instance_material>
              <instance_material symbol="Copper_-_Raw-material" target="#Copper_-_Raw-material">
                <bind_vertex_input semantic="UVMap" input_semantic="TEXCOORD" input_set="0" />
              </instance_material>
              <instance_material symbol="ABS__Black_1_-material" target="#ABS__Black_1_-material">
                <bind_vertex_input semantic="UVMap" input_semantic="TEXCOORD" input_set="0" />
              </instance_material>
              <instance_material symbol="Rubber_-_Soft-material" target="#Rubber_-_Soft-material">
                <bind_vertex_input semantic="UVMap" input_semantic="TEXCOORD" input_set="0" />
              </instance_material>
              <instance_material symbol="ABS__Orange_-material" target="#ABS__Orange_-material">
                <bind_vertex_input semantic="UVMap" input_semantic="TEXCOORD" input_set="0" />
              </instance_material>
              <instance_material symbol="Aluminum_-_Anodized_Glossy__Grey_-material" target="#Aluminum_-_Anodized_Glossy__Grey_-material">
                <bind_vertex_input semantic="UVMap" input_semantic="TEXCOORD" input_set="0" />
              </instance_material>
              <instance_material symbol="ABS__BR_-material" target="#ABS__BR_-material">
                <bind_vertex_input semantic="UVMap" input_semantic="TEXCOORD" input_set="0" />
              </instance_material>
              <instance_material symbol="Aluminum_-_Satin-material" target="#Aluminum_-_Satin-material">
                <bind_vertex_input semantic="UVMap" input_semantic="TEXCOORD" input_set="0" />
              </instance_material>
              <instance_material symbol="Glass_-_Frosted-material" target="#Glass_-_Frosted-material">
                <bind_vertex_input semantic="UVMap" input_semantic="TEXCOORD" input_set="0" />
              </instance_material>
              <instance_material symbol="camera_bracket_material-material" target="#camera_bracket_material-material">
                <bind_vertex_input semantic="UVMap" input_semantic="TEXCOORD" input_set="0" />
              </instance_material>
            </technique_common>
          </bind_material>
        </instance_geometry>
      </node>
      </visual_scene>
  </library_visual_scenes>
  <scene>
    <instance_visual_scene url="#Scene" />
  </scene>
</COLLADA>